ISO-10303-21;
HEADER;
/* Generated by software containing ST-Developer
 * from STEP Tools, Inc. (www.steptools.com) 
 */
/* OPTION: using custom renumber hook */

FILE_DESCRIPTION(
/* description */ ('STEP AP242 Edition 2',
'CAx-IF Rec.Pracs.---Representation and Presentation of Product Manufa
cturing Information (PMI)---4.0---2014-10-13',
'CAx-IF Rec.Pracs.---3D Tessellated Geometry---0.4---2014-09-14','2;1',
'CAx-IF Rec.Pracs.---User Defined Attributes---1.5---2016-08-15'),
/* implementation_level */ '2;1');

FILE_NAME(
/* name */ 'Part Studio 1 - Part 1',
/* time_stamp */ '2026-04-15T07:11:59Z',
/* author */ (''),
/* organization */ (''),
/* preprocessor_version */ 'ST-DEVELOPER v20',
/* originating_system */ 'ONSHAPE BY PTC INC, 1.213',
/* authorisation */ '  ');

FILE_SCHEMA (('AP242_MANAGED_MODEL_BASED_3D_ENGINEERING_MIM_LF { 1 0 10303 442 3 1 4 }'));
ENDSEC;

DATA;
#10=SHAPE_REPRESENTATION_RELATIONSHIP('','',#1321,#11);
#11=ADVANCED_BREP_SHAPE_REPRESENTATION('',(#1319),#2945);
#12=CIRCLE('',#1366,0.00378678175689917);
#13=CIRCLE('',#1367,0.00378678175689917);
#14=CIRCLE('',#1369,0.00152103383691098);
#15=CIRCLE('',#1370,0.00152103383691098);
#16=CIRCLE('',#1372,0.000495501136135627);
#17=CIRCLE('',#1373,0.000495501136135627);
#18=CIRCLE('',#1375,0.000379710853233849);
#19=CIRCLE('',#1376,0.000379710853233849);
#20=CIRCLE('',#1378,0.000357746376437791);
#21=CIRCLE('',#1379,0.000357746376437791);
#22=CYLINDRICAL_SURFACE('',#1365,0.00378678175689917);
#23=CYLINDRICAL_SURFACE('',#1368,0.00152103383691098);
#24=CYLINDRICAL_SURFACE('',#1371,0.000495548161662479);
#25=CYLINDRICAL_SURFACE('',#1374,0.000379710853233849);
#26=CYLINDRICAL_SURFACE('',#1377,0.000357746376437791);
#27=CYLINDRICAL_SURFACE('',#1383,0.003);
#28=CYLINDRICAL_SURFACE('',#1384,0.003);
#29=CYLINDRICAL_SURFACE('',#1385,0.003);
#30=CYLINDRICAL_SURFACE('',#1386,0.003);
#31=B_SPLINE_SURFACE_WITH_KNOTS('',3,1,((#1980,#1981),(#1982,#1983),(#1984,
#1985),(#1986,#1987)),.SURF_OF_LINEAR_EXTRUSION.,.F.,.F.,.F.,(4,4),(2,2),
(0.0498331296671012,0.0995105060872914),(0.,1.),
 .PIECEWISE_BEZIER_KNOTS.);
#32=B_SPLINE_SURFACE_WITH_KNOTS('',3,1,((#2002,#2003),(#2004,#2005),(#2006,
#2007),(#2008,#2009)),.SURF_OF_LINEAR_EXTRUSION.,.F.,.F.,.F.,(4,4),(2,2),
(0.708738945851009,0.736980012286128),(0.,1.),.PIECEWISE_BEZIER_KNOTS.);
#33=B_SPLINE_SURFACE_WITH_KNOTS('',3,1,((#2021,#2022),(#2023,#2024),(#2025,
#2026),(#2027,#2028),(#2029,#2030),(#2031,#2032),(#2033,#2034),(#2035,#2036),
(#2037,#2038),(#2039,#2040),(#2041,#2042),(#2043,#2044),(#2045,#2046),(#2047,
#2048),(#2049,#2050),(#2051,#2052),(#2053,#2054),(#2055,#2056),(#2057,#2058),
(#2059,#2060),(#2061,#2062),(#2063,#2064),(#2065,#2066),(#2067,#2068),(#2069,
#2070),(#2071,#2072),(#2073,#2074),(#2075,#2076),(#2077,#2078),(#2079,#2080),
(#2081,#2082),(#2083,#2084),(#2085,#2086),(#2087,#2088),(#2089,#2090),(#2091,
#2092),(#2093,#2094),(#2095,#2096),(#2097,#2098),(#2099,#2100),(#2101,#2102),
(#2103,#2104),(#2105,#2106),(#2107,#2108),(#2109,#2110),(#2111,#2112),(#2113,
#2114)),.SURF_OF_LINEAR_EXTRUSION.,.F.,.F.,.F.,(4,1,1,1,1,1,1,1,1,1,1,1,
1,1,1,1,1,1,1,1,1,1,1,1,1,1,1,1,1,1,1,1,1,1,1,1,1,1,1,1,1,1,1,1,4),(2,2),
(0.999786007382903,1.02194078671003,1.0330181763736,1.04409556603716,1.06625034536429,
1.08840512469142,1.11055990401854,1.13271468334567,1.14379207300924,1.1548694626728,
1.16594685233637,1.17702424199993,1.18810163166349,1.19917902132706,1.21025641099062,
1.22133380065419,1.24348857998131,1.26564335930844,1.28779813863557,1.3099529179627,
1.33210769728983,1.35426247661696,1.37641725594408,1.39857203527121,1.42072681459834,
1.44288159392547,1.4650363732526,1.48719115257973,1.50934593190685,1.53150071123398,
1.54257810089755,1.55365549056111,1.56473288022468,1.57581026988824,1.5868876595518,
1.59796504921537,1.60904243887893,1.6201198285425,1.63119721820606,1.64227460786962,
1.65335199753319,1.66442938719675,1.67550677686032,1.68658416652388,1.70873894585101),
(0.,1.),.UNSPECIFIED.);
#34=B_SPLINE_SURFACE_WITH_KNOTS('',3,1,((#2188,#2189),(#2190,#2191),(#2192,
#2193),(#2194,#2195)),.SURF_OF_LINEAR_EXTRUSION.,.F.,.F.,.F.,(4,4),(2,2),
(0.936791179777154,0.982908988399102),(0.,1.),.PIECEWISE_BEZIER_KNOTS.);
#35=B_SPLINE_SURFACE_WITH_KNOTS('',3,1,((#2209,#2210),(#2211,#2212),(#2213,
#2214),(#2215,#2216)),.SURF_OF_LINEAR_EXTRUSION.,.F.,.F.,.F.,(4,4),(2,2),
(0.978564402689107,0.988773081057497),(0.,1.),.PIECEWISE_BEZIER_KNOTS.);
#36=B_SPLINE_SURFACE_WITH_KNOTS('',3,1,((#2228,#2229),(#2230,#2231),(#2232,
#2233),(#2234,#2235)),.SURF_OF_LINEAR_EXTRUSION.,.F.,.F.,.F.,(4,4),(2,2),
(0.877445298762951,0.910496856879555),(0.,1.),.PIECEWISE_BEZIER_KNOTS.);
#37=B_SPLINE_SURFACE_WITH_KNOTS('',3,1,((#2247,#2248),(#2249,#2250),(#2251,
#2252),(#2253,#2254)),.SURF_OF_LINEAR_EXTRUSION.,.F.,.F.,.F.,(4,4),(2,2),
(0.951170963278082,0.969093458509916),(0.,1.),.PIECEWISE_BEZIER_KNOTS.);
#38=B_SPLINE_SURFACE_WITH_KNOTS('',3,1,((#2278,#2279),(#2280,#2281),(#2282,
#2283),(#2284,#2285),(#2286,#2287)),.SURF_OF_LINEAR_EXTRUSION.,.F.,.F.,
 .F.,(4,1,4),(2,2),(0.574206074039234,0.643709963160935,0.713213852282636),
(0.,1.),.UNSPECIFIED.);
#39=B_SPLINE_SURFACE_WITH_KNOTS('',3,1,((#2309,#2310),(#2311,#2312),(#2313,
#2314),(#2315,#2316),(#2317,#2318)),.SURF_OF_LINEAR_EXTRUSION.,.F.,.F.,
 .F.,(4,1,4),(2,2),(0.457638088615363,0.511518065950817,0.56539804328627),
(0.,1.),.UNSPECIFIED.);
#40=B_SPLINE_SURFACE_WITH_KNOTS('',3,1,((#2338,#2339),(#2340,#2341),(#2342,
#2343),(#2344,#2345)),.SURF_OF_LINEAR_EXTRUSION.,.F.,.F.,.F.,(4,4),(2,2),
(0.355659803667279,0.431413226626545),(0.,1.),.PIECEWISE_BEZIER_KNOTS.);
#41=B_SPLINE_SURFACE_WITH_KNOTS('',3,1,((#2359,#2360),(#2361,#2362),(#2363,
#2364),(#2365,#2366)),.SURF_OF_LINEAR_EXTRUSION.,.F.,.F.,.F.,(4,4),(2,2),
(0.809647600243445,0.839316077149477),(0.,1.),.PIECEWISE_BEZIER_KNOTS.);
#42=B_SPLINE_SURFACE_WITH_KNOTS('',3,1,((#2378,#2379),(#2380,#2381),(#2382,
#2383),(#2384,#2385)),.SURF_OF_LINEAR_EXTRUSION.,.F.,.F.,.F.,(4,4),(2,2),
(0.130079547099525,0.262247320598084),(0.,1.),.PIECEWISE_BEZIER_KNOTS.);
#43=B_SPLINE_SURFACE_WITH_KNOTS('',3,1,((#2397,#2398),(#2399,#2400),(#2401,
#2402),(#2403,#2404),(#2405,#2406),(#2407,#2408),(#2409,#2410),(#2411,#2412),
(#2413,#2414),(#2415,#2416),(#2417,#2418),(#2419,#2420),(#2421,#2422),(#2423,
#2424),(#2425,#2426),(#2427,#2428),(#2429,#2430),(#2431,#2432),(#2433,#2434),
(#2435,#2436),(#2437,#2438),(#2439,#2440),(#2441,#2442),(#2443,#2444),(#2445,
#2446),(#2447,#2448),(#2449,#2450),(#2451,#2452),(#2453,#2454),(#2455,#2456)),
 .SURF_OF_LINEAR_EXTRUSION.,.F.,.F.,.F.,(4,1,1,1,1,1,1,1,1,1,1,1,1,1,1,
1,1,1,1,1,1,1,1,1,1,1,1,4),(2,2),(0.327962643828398,0.386407965396289,0.44485328696418,
0.503298608532071,0.561743930099962,0.620189251667853,0.649411912451799,
0.678634573235744,0.70785723401969,0.737079894803636,0.766302555587581,
0.795525216371527,0.824747877155472,0.839359207547445,0.853970537939418,
0.868581868331391,0.883193198723363,0.912415859507309,0.941638520291254,
0.9708611810752,1.02930650264309,1.08775182421098,1.11697448499493,1.14619714577887,
1.17541980656282,1.20464246734676,1.23386512813071,1.26308778891466),(0.,
1.),.UNSPECIFIED.);
#44=B_SPLINE_SURFACE_WITH_KNOTS('',3,1,((#2483,#2484),(#2485,#2486),(#2487,
#2488),(#2489,#2490),(#2491,#2492),(#2493,#2494),(#2495,#2496),(#2497,#2498),
(#2499,#2500),(#2501,#2502),(#2503,#2504),(#2505,#2506),(#2507,#2508),(#2509,
#2510),(#2511,#2512),(#2513,#2514),(#2515,#2516),(#2517,#2518),(#2519,#2520),
(#2521,#2522),(#2523,#2524),(#2525,#2526)),.SURF_OF_LINEAR_EXTRUSION.,.T.,
 .F.,.F.,(1,3,1,1,1,1,1,1,1,1,1,1,1,1,1,1,1,1,1,1,3,1),(2,2),(-0.0323578966129784,
0.,0.0716086029351846,0.124033197742604,0.162319578308327,0.203289358287611,
0.229415629413342,0.293831043767365,0.340290858014868,0.399406378156801,
0.456008291954081,0.503192348212223,0.556242879032111,0.623639042075889,
0.676908490453765,0.733376456683572,0.803467629785236,0.85181763729458,
0.920724491859415,0.967642103387022,1.,1.07160860293518),(0.,1.),
 .UNSPECIFIED.);
#45=B_SPLINE_SURFACE_WITH_KNOTS('',3,1,((#2573,#2574),(#2575,#2576),(#2577,
#2578),(#2579,#2580),(#2581,#2582),(#2583,#2584),(#2585,#2586),(#2587,#2588),
(#2589,#2590),(#2591,#2592),(#2593,#2594),(#2595,#2596),(#2597,#2598),(#2599,
#2600),(#2601,#2602),(#2603,#2604),(#2605,#2606),(#2607,#2608),(#2609,#2610),
(#2611,#2612),(#2613,#2614),(#2615,#2616),(#2617,#2618),(#2619,#2620),(#2621,
#2622),(#2623,#2624),(#2625,#2626),(#2627,#2628),(#2629,#2630),(#2631,#2632),
(#2633,#2634),(#2635,#2636),(#2637,#2638),(#2639,#2640),(#2641,#2642),(#2643,
#2644),(#2645,#2646),(#2647,#2648),(#2649,#2650),(#2651,#2652),(#2653,#2654),
(#2655,#2656),(#2657,#2658),(#2659,#2660),(#2661,#2662),(#2663,#2664),(#2665,
#2666),(#2667,#2668),(#2669,#2670),(#2671,#2672),(#2673,#2674),(#2675,#2676),
(#2677,#2678),(#2679,#2680),(#2681,#2682),(#2683,#2684),(#2685,#2686),(#2687,
#2688),(#2689,#2690),(#2691,#2692),(#2693,#2694),(#2695,#2696),(#2697,#2698),
(#2699,#2700),(#2701,#2702),(#2703,#2704),(#2705,#2706),(#2707,#2708),(#2709,
#2710),(#2711,#2712),(#2713,#2714),(#2715,#2716),(#2717,#2718),(#2719,#2720),
(#2721,#2722),(#2723,#2724),(#2725,#2726),(#2727,#2728),(#2729,#2730),(#2731,
#2732),(#2733,#2734),(#2735,#2736),(#2737,#2738),(#2739,#2740),(#2741,#2742),
(#2743,#2744),(#2745,#2746),(#2747,#2748),(#2749,#2750),(#2751,#2752),(#2753,
#2754),(#2755,#2756),(#2757,#2758),(#2759,#2760),(#2761,#2762),(#2763,#2764),
(#2765,#2766)),.SURF_OF_LINEAR_EXTRUSION.,.F.,.F.,.F.,(4,1,1,1,1,1,1,1,
1,1,1,1,1,1,1,1,1,1,1,1,1,1,1,1,1,1,1,1,1,1,1,1,1,1,1,1,1,1,1,1,1,1,1,1,
1,1,1,1,1,1,1,1,1,1,1,1,1,1,1,1,1,1,1,1,1,1,1,1,1,1,1,1,1,1,1,1,1,1,1,1,
1,1,1,1,1,1,1,1,1,1,1,1,1,1,4),(2,2),(0.,0.0153417787777864,0.0230126681666796,
0.0306835575555728,0.0383544469444661,0.0460253363333593,0.0613671151111457,
0.0690380045000389,0.0767088938889321,0.0843797832778253,0.0920506726667185,
0.0997215620556117,0.107392451444505,0.122734230222291,0.138076009000078,
0.153417787777864,0.168759566555651,0.184101345333437,0.199443124111223,
0.207114013500117,0.21478490288901,0.222455792277903,0.230126681666796,
0.23779757105569,0.245468460444583,0.253139349833476,0.260810239222369,
0.276152018000156,0.291493796777942,0.299164686166835,0.306835575555728,
0.314506464944622,0.322177354333515,0.329848243722408,0.337519133111301,
0.345190022500194,0.352860911889088,0.360531801277981,0.368202690666874,
0.383544469444661,0.398886248222447,0.414228027000233,0.42956980577802,
0.444911584555806,0.460253363333593,0.475595142111379,0.490936920889165,
0.506278699666952,0.513949589055845,0.521620478444738,0.529291367833632,
0.536962257222525,0.544633146611418,0.552304036000311,0.559974925389204,
0.567645814778098,0.582987593555884,0.590658482944777,0.59832937233367,
0.606000261722564,0.613671151111457,0.62134204050035,0.629012929889243,
0.636683819278137,0.64435470866703,0.652025598055923,0.659696487444816,
0.667367376833709,0.675038266222603,0.682709155611496,0.690380045000389,
0.698050934389282,0.705721823778175,0.713392713167069,0.721063602555962,
0.728734491944855,0.736405381333748,0.751747160111535,0.767088938889321,
0.782430717667107,0.797772496444894,0.81311427522268,0.828456054000467,
0.843797832778253,0.85913961155604,0.874481390333826,0.889823169111612,
0.905164947889399,0.912835837278292,0.920506726667185,0.928177616056078,
0.935848505444972,0.951190284222758,0.966532063000545,0.981873841778331),
(0.,1.),.UNSPECIFIED.);
#46=B_SPLINE_SURFACE_WITH_KNOTS('',1,3,((#2869,#2870,#2871,#2872,#2873,
#2874),(#2875,#2876,#2877,#2878,#2879,#2880)),.RULED_SURF.,.F.,.F.,.F.,
(2,2),(4,2,4),(0.,1.),(2.37543000389601,3.1415926535898,3.90775530328358),
 .UNSPECIFIED.);
#47=B_SPLINE_SURFACE_WITH_KNOTS('',1,3,((#2885,#2886,#2887,#2888,#2889,
#2890),(#2891,#2892,#2893,#2894,#2895,#2896)),.RULED_SURF.,.F.,.F.,.F.,
(2,2),(4,2,4),(0.,1.),(5.5170226574858,6.28318530717959,7.04934795687337),
 .UNSPECIFIED.);
#48=B_SPLINE_SURFACE_WITH_KNOTS('',1,3,((#2911,#2912,#2913,#2914,#2915,
#2916),(#2917,#2918,#2919,#2920,#2921,#2922)),.RULED_SURF.,.F.,.F.,.F.,
(2,2),(4,2,4),(0.,1.),(5.5170226574858,6.28318530717959,7.04934795687337),
 .UNSPECIFIED.);
#49=B_SPLINE_SURFACE_WITH_KNOTS('',1,3,((#2927,#2928,#2929,#2930,#2931,
#2932),(#2933,#2934,#2935,#2936,#2937,#2938)),.RULED_SURF.,.F.,.F.,.F.,
(2,2),(4,2,4),(0.,1.),(2.37543000389601,3.1415926535898,3.90775530328358),
 .UNSPECIFIED.);
#50=ELLIPSE('',#1325,0.00311769145362398,0.003);
#51=ELLIPSE('',#1326,0.00311769145362398,0.003);
#52=ELLIPSE('',#1327,0.00311769145362398,0.003);
#53=ELLIPSE('',#1328,0.00311769145362398,0.003);
#54=LINE('',#1664,#180);
#55=LINE('',#1672,#181);
#56=LINE('',#1680,#182);
#57=LINE('',#1688,#183);
#58=LINE('',#1769,#184);
#59=LINE('',#1774,#185);
#60=LINE('',#1778,#186);
#61=LINE('',#1782,#187);
#62=LINE('',#1785,#188);
#63=LINE('',#1788,#189);
#64=LINE('',#1790,#190);
#65=LINE('',#1792,#191);
#66=LINE('',#1794,#192);
#67=LINE('',#1796,#193);
#68=LINE('',#1798,#194);
#69=LINE('',#1800,#195);
#70=LINE('',#1802,#196);
#71=LINE('',#1804,#197);
#72=LINE('',#1806,#198);
#73=LINE('',#1808,#199);
#74=LINE('',#1810,#200);
#75=LINE('',#1812,#201);
#76=LINE('',#1814,#202);
#77=LINE('',#1816,#203);
#78=LINE('',#1818,#204);
#79=LINE('',#1821,#205);
#80=LINE('',#1823,#206);
#81=LINE('',#1825,#207);
#82=LINE('',#1827,#208);
#83=LINE('',#1829,#209);
#84=LINE('',#1831,#210);
#85=LINE('',#1833,#211);
#86=LINE('',#1835,#212);
#87=LINE('',#1837,#213);
#88=LINE('',#1839,#214);
#89=LINE('',#1841,#215);
#90=LINE('',#1842,#216);
#91=LINE('',#1845,#217);
#92=LINE('',#1847,#218);
#93=LINE('',#1849,#219);
#94=LINE('',#1851,#220);
#95=LINE('',#1852,#221);
#96=LINE('',#1854,#222);
#97=LINE('',#1855,#223);
#98=LINE('',#1859,#224);
#99=LINE('',#1861,#225);
#100=LINE('',#1863,#226);
#101=LINE('',#1865,#227);
#102=LINE('',#1867,#228);
#103=LINE('',#1869,#229);
#104=LINE('',#1871,#230);
#105=LINE('',#1873,#231);
#106=LINE('',#1875,#232);
#107=LINE('',#1877,#233);
#108=LINE('',#1879,#234);
#109=LINE('',#1881,#235);
#110=LINE('',#1883,#236);
#111=LINE('',#1885,#237);
#112=LINE('',#1887,#238);
#113=LINE('',#1889,#239);
#114=LINE('',#1891,#240);
#115=LINE('',#1893,#241);
#116=LINE('',#1895,#242);
#117=LINE('',#1897,#243);
#118=LINE('',#1899,#244);
#119=LINE('',#1901,#245);
#120=LINE('',#1903,#246);
#121=LINE('',#1905,#247);
#122=LINE('',#1908,#248);
#123=LINE('',#1910,#249);
#124=LINE('',#1912,#250);
#125=LINE('',#1914,#251);
#126=LINE('',#1917,#252);
#127=LINE('',#1918,#253);
#128=LINE('',#1920,#254);
#129=LINE('',#1922,#255);
#130=LINE('',#1924,#256);
#131=LINE('',#1926,#257);
#132=LINE('',#1929,#258);
#133=LINE('',#1930,#259);
#134=LINE('',#1932,#260);
#135=LINE('',#1935,#261);
#136=LINE('',#1936,#262);
#137=LINE('',#1938,#263);
#138=LINE('',#1941,#264);
#139=LINE('',#1942,#265);
#140=LINE('',#1944,#266);
#141=LINE('',#1947,#267);
#142=LINE('',#1948,#268);
#143=LINE('',#1950,#269);
#144=LINE('',#1952,#270);
#145=LINE('',#1954,#271);
#146=LINE('',#1956,#272);
#147=LINE('',#1959,#273);
#148=LINE('',#1960,#274);
#149=LINE('',#1962,#275);
#150=LINE('',#1964,#276);
#151=LINE('',#1966,#277);
#152=LINE('',#1968,#278);
#153=LINE('',#1970,#279);
#154=LINE('',#1972,#280);
#155=LINE('',#1974,#281);
#156=LINE('',#1975,#282);
#157=LINE('',#1977,#283);
#158=LINE('',#1994,#284);
#159=LINE('',#2001,#285);
#160=LINE('',#2015,#286);
#161=LINE('',#2148,#287);
#162=LINE('',#2183,#288);
#163=LINE('',#2185,#289);
#164=LINE('',#2187,#290);
#165=LINE('',#2202,#291);
#166=LINE('',#2222,#292);
#167=LINE('',#2241,#293);
#168=LINE('',#2260,#294);
#169=LINE('',#2269,#295);
#170=LINE('',#2275,#296);
#171=LINE('',#2295,#297);
#172=LINE('',#2306,#298);
#173=LINE('',#2325,#299);
#174=LINE('',#2335,#300);
#175=LINE('',#2352,#301);
#176=LINE('',#2372,#302);
#177=LINE('',#2391,#303);
#178=LINE('',#2457,#304);
#179=LINE('',#2482,#305);
#180=VECTOR('',#1395,1.);
#181=VECTOR('',#1396,1.);
#182=VECTOR('',#1397,1.);
#183=VECTOR('',#1398,1.);
#184=VECTOR('',#1401,1.);
#185=VECTOR('',#1404,1.);
#186=VECTOR('',#1407,1.);
#187=VECTOR('',#1410,1.);
#188=VECTOR('',#1413,1.);
#189=VECTOR('',#1414,1.);
#190=VECTOR('',#1415,1.);
#191=VECTOR('',#1416,1.);
#192=VECTOR('',#1419,1.);
#193=VECTOR('',#1420,1.);
#194=VECTOR('',#1421,1.);
#195=VECTOR('',#1424,1.);
#196=VECTOR('',#1425,1.);
#197=VECTOR('',#1426,1.);
#198=VECTOR('',#1429,1.);
#199=VECTOR('',#1430,1.);
#200=VECTOR('',#1431,1.);
#201=VECTOR('',#1434,1.);
#202=VECTOR('',#1435,1.);
#203=VECTOR('',#1436,1.);
#204=VECTOR('',#1439,1.);
#205=VECTOR('',#1440,1.);
#206=VECTOR('',#1441,1.);
#207=VECTOR('',#1442,1.);
#208=VECTOR('',#1443,1.);
#209=VECTOR('',#1444,1.);
#210=VECTOR('',#1445,1.);
#211=VECTOR('',#1446,1.);
#212=VECTOR('',#1447,1.);
#213=VECTOR('',#1448,1.);
#214=VECTOR('',#1449,1.);
#215=VECTOR('',#1450,1.);
#216=VECTOR('',#1451,1.);
#217=VECTOR('',#1452,1.);
#218=VECTOR('',#1453,1.);
#219=VECTOR('',#1454,1.);
#220=VECTOR('',#1457,1.);
#221=VECTOR('',#1458,1.);
#222=VECTOR('',#1461,1.);
#223=VECTOR('',#1462,1.);
#224=VECTOR('',#1469,1.);
#225=VECTOR('',#1470,1.);
#226=VECTOR('',#1471,1.);
#227=VECTOR('',#1474,1.);
#228=VECTOR('',#1475,1.);
#229=VECTOR('',#1478,1.);
#230=VECTOR('',#1479,1.);
#231=VECTOR('',#1482,1.);
#232=VECTOR('',#1483,1.);
#233=VECTOR('',#1486,1.);
#234=VECTOR('',#1487,1.);
#235=VECTOR('',#1490,1.);
#236=VECTOR('',#1491,1.);
#237=VECTOR('',#1494,1.);
#238=VECTOR('',#1495,1.);
#239=VECTOR('',#1498,1.);
#240=VECTOR('',#1499,1.);
#241=VECTOR('',#1502,1.);
#242=VECTOR('',#1503,1.);
#243=VECTOR('',#1506,1.);
#244=VECTOR('',#1507,1.);
#245=VECTOR('',#1510,1.);
#246=VECTOR('',#1511,1.);
#247=VECTOR('',#1514,1.);
#248=VECTOR('',#1515,1.);
#249=VECTOR('',#1516,1.);
#250=VECTOR('',#1517,1.);
#251=VECTOR('',#1520,1.);
#252=VECTOR('',#1521,1.);
#253=VECTOR('',#1522,1.);
#254=VECTOR('',#1525,1.);
#255=VECTOR('',#1526,1.);
#256=VECTOR('',#1527,1.);
#257=VECTOR('',#1530,1.);
#258=VECTOR('',#1531,1.);
#259=VECTOR('',#1532,1.);
#260=VECTOR('',#1535,1.);
#261=VECTOR('',#1536,1.);
#262=VECTOR('',#1537,1.);
#263=VECTOR('',#1540,1.);
#264=VECTOR('',#1541,1.);
#265=VECTOR('',#1542,1.);
#266=VECTOR('',#1545,1.);
#267=VECTOR('',#1546,1.);
#268=VECTOR('',#1547,1.);
#269=VECTOR('',#1550,1.);
#270=VECTOR('',#1551,1.);
#271=VECTOR('',#1552,1.);
#272=VECTOR('',#1555,1.);
#273=VECTOR('',#1556,1.);
#274=VECTOR('',#1557,1.);
#275=VECTOR('',#1560,1.);
#276=VECTOR('',#1561,1.);
#277=VECTOR('',#1562,1.);
#278=VECTOR('',#1565,1.);
#279=VECTOR('',#1566,1.);
#280=VECTOR('',#1567,1.);
#281=VECTOR('',#1570,1.);
#282=VECTOR('',#1571,1.);
#283=VECTOR('',#1574,1.);
#284=VECTOR('',#1579,1.);
#285=VECTOR('',#1580,1.);
#286=VECTOR('',#1581,1.);
#287=VECTOR('',#1582,1.);
#288=VECTOR('',#1585,1.);
#289=VECTOR('',#1586,1.);
#290=VECTOR('',#1587,1.);
#291=VECTOR('',#1588,1.);
#292=VECTOR('',#1589,1.);
#293=VECTOR('',#1590,1.);
#294=VECTOR('',#1591,1.);
#295=VECTOR('',#1596,1.);
#296=VECTOR('',#1603,1.);
#297=VECTOR('',#1606,1.);
#298=VECTOR('',#1611,1.);
#299=VECTOR('',#1614,1.);
#300=VECTOR('',#1619,1.);
#301=VECTOR('',#1622,1.);
#302=VECTOR('',#1623,1.);
#303=VECTOR('',#1624,1.);
#304=VECTOR('',#1625,1.);
#305=VECTOR('',#1626,1.);
#306=ORIENTED_EDGE('',*,*,#678,.T.);
#307=ORIENTED_EDGE('',*,*,#679,.T.);
#308=ORIENTED_EDGE('',*,*,#680,.T.);
#309=ORIENTED_EDGE('',*,*,#681,.T.);
#310=ORIENTED_EDGE('',*,*,#682,.T.);
#311=ORIENTED_EDGE('',*,*,#683,.T.);
#312=ORIENTED_EDGE('',*,*,#684,.T.);
#313=ORIENTED_EDGE('',*,*,#685,.T.);
#314=ORIENTED_EDGE('',*,*,#686,.F.);
#315=ORIENTED_EDGE('',*,*,#687,.F.);
#316=ORIENTED_EDGE('',*,*,#688,.F.);
#317=ORIENTED_EDGE('',*,*,#689,.T.);
#318=ORIENTED_EDGE('',*,*,#690,.F.);
#319=ORIENTED_EDGE('',*,*,#691,.T.);
#320=ORIENTED_EDGE('',*,*,#692,.T.);
#321=ORIENTED_EDGE('',*,*,#693,.T.);
#322=ORIENTED_EDGE('',*,*,#694,.T.);
#323=ORIENTED_EDGE('',*,*,#695,.T.);
#324=ORIENTED_EDGE('',*,*,#696,.F.);
#325=ORIENTED_EDGE('',*,*,#697,.T.);
#326=ORIENTED_EDGE('',*,*,#698,.T.);
#327=ORIENTED_EDGE('',*,*,#699,.F.);
#328=ORIENTED_EDGE('',*,*,#700,.T.);
#329=ORIENTED_EDGE('',*,*,#701,.T.);
#330=ORIENTED_EDGE('',*,*,#702,.T.);
#331=ORIENTED_EDGE('',*,*,#690,.T.);
#332=ORIENTED_EDGE('',*,*,#703,.T.);
#333=ORIENTED_EDGE('',*,*,#704,.T.);
#334=ORIENTED_EDGE('',*,*,#705,.T.);
#335=ORIENTED_EDGE('',*,*,#694,.F.);
#336=ORIENTED_EDGE('',*,*,#706,.T.);
#337=ORIENTED_EDGE('',*,*,#707,.T.);
#338=ORIENTED_EDGE('',*,*,#708,.T.);
#339=ORIENTED_EDGE('',*,*,#692,.F.);
#340=ORIENTED_EDGE('',*,*,#709,.T.);
#341=ORIENTED_EDGE('',*,*,#710,.T.);
#342=ORIENTED_EDGE('',*,*,#711,.T.);
#343=ORIENTED_EDGE('',*,*,#688,.T.);
#344=ORIENTED_EDGE('',*,*,#712,.F.);
#345=ORIENTED_EDGE('',*,*,#713,.T.);
#346=ORIENTED_EDGE('',*,*,#714,.T.);
#347=ORIENTED_EDGE('',*,*,#715,.T.);
#348=ORIENTED_EDGE('',*,*,#716,.T.);
#349=ORIENTED_EDGE('',*,*,#717,.F.);
#350=ORIENTED_EDGE('',*,*,#718,.T.);
#351=ORIENTED_EDGE('',*,*,#719,.F.);
#352=ORIENTED_EDGE('',*,*,#720,.F.);
#353=ORIENTED_EDGE('',*,*,#721,.F.);
#354=ORIENTED_EDGE('',*,*,#722,.F.);
#355=ORIENTED_EDGE('',*,*,#723,.T.);
#356=ORIENTED_EDGE('',*,*,#724,.F.);
#357=ORIENTED_EDGE('',*,*,#725,.T.);
#358=ORIENTED_EDGE('',*,*,#726,.T.);
#359=ORIENTED_EDGE('',*,*,#727,.F.);
#360=ORIENTED_EDGE('',*,*,#697,.F.);
#361=ORIENTED_EDGE('',*,*,#728,.T.);
#362=ORIENTED_EDGE('',*,*,#724,.T.);
#363=ORIENTED_EDGE('',*,*,#729,.F.);
#364=ORIENTED_EDGE('',*,*,#730,.T.);
#365=ORIENTED_EDGE('',*,*,#726,.F.);
#366=ORIENTED_EDGE('',*,*,#731,.F.);
#367=ORIENTED_EDGE('',*,*,#699,.T.);
#368=ORIENTED_EDGE('',*,*,#728,.F.);
#369=ORIENTED_EDGE('',*,*,#696,.T.);
#370=ORIENTED_EDGE('',*,*,#731,.T.);
#371=ORIENTED_EDGE('',*,*,#725,.F.);
#372=ORIENTED_EDGE('',*,*,#698,.F.);
#373=ORIENTED_EDGE('',*,*,#729,.T.);
#374=ORIENTED_EDGE('',*,*,#727,.T.);
#375=ORIENTED_EDGE('',*,*,#730,.F.);
#376=ORIENTED_EDGE('',*,*,#713,.F.);
#377=ORIENTED_EDGE('',*,*,#732,.T.);
#378=ORIENTED_EDGE('',*,*,#733,.F.);
#379=ORIENTED_EDGE('',*,*,#734,.F.);
#380=ORIENTED_EDGE('',*,*,#714,.F.);
#381=ORIENTED_EDGE('',*,*,#734,.T.);
#382=ORIENTED_EDGE('',*,*,#735,.F.);
#383=ORIENTED_EDGE('',*,*,#736,.F.);
#384=ORIENTED_EDGE('',*,*,#715,.F.);
#385=ORIENTED_EDGE('',*,*,#736,.T.);
#386=ORIENTED_EDGE('',*,*,#737,.F.);
#387=ORIENTED_EDGE('',*,*,#738,.F.);
#388=ORIENTED_EDGE('',*,*,#716,.F.);
#389=ORIENTED_EDGE('',*,*,#738,.T.);
#390=ORIENTED_EDGE('',*,*,#739,.F.);
#391=ORIENTED_EDGE('',*,*,#740,.F.);
#392=ORIENTED_EDGE('',*,*,#741,.F.);
#393=ORIENTED_EDGE('',*,*,#717,.T.);
#394=ORIENTED_EDGE('',*,*,#740,.T.);
#395=ORIENTED_EDGE('',*,*,#742,.T.);
#396=ORIENTED_EDGE('',*,*,#718,.F.);
#397=ORIENTED_EDGE('',*,*,#741,.T.);
#398=ORIENTED_EDGE('',*,*,#743,.F.);
#399=ORIENTED_EDGE('',*,*,#744,.F.);
#400=ORIENTED_EDGE('',*,*,#745,.F.);
#401=ORIENTED_EDGE('',*,*,#719,.T.);
#402=ORIENTED_EDGE('',*,*,#744,.T.);
#403=ORIENTED_EDGE('',*,*,#746,.T.);
#404=ORIENTED_EDGE('',*,*,#747,.F.);
#405=ORIENTED_EDGE('',*,*,#720,.T.);
#406=ORIENTED_EDGE('',*,*,#745,.T.);
#407=ORIENTED_EDGE('',*,*,#748,.T.);
#408=ORIENTED_EDGE('',*,*,#749,.F.);
#409=ORIENTED_EDGE('',*,*,#721,.T.);
#410=ORIENTED_EDGE('',*,*,#747,.T.);
#411=ORIENTED_EDGE('',*,*,#750,.T.);
#412=ORIENTED_EDGE('',*,*,#751,.F.);
#413=ORIENTED_EDGE('',*,*,#722,.T.);
#414=ORIENTED_EDGE('',*,*,#749,.T.);
#415=ORIENTED_EDGE('',*,*,#752,.T.);
#416=ORIENTED_EDGE('',*,*,#723,.F.);
#417=ORIENTED_EDGE('',*,*,#751,.T.);
#418=ORIENTED_EDGE('',*,*,#753,.F.);
#419=ORIENTED_EDGE('',*,*,#754,.F.);
#420=ORIENTED_EDGE('',*,*,#755,.F.);
#421=ORIENTED_EDGE('',*,*,#756,.T.);
#422=ORIENTED_EDGE('',*,*,#757,.F.);
#423=ORIENTED_EDGE('',*,*,#758,.F.);
#424=ORIENTED_EDGE('',*,*,#759,.F.);
#425=ORIENTED_EDGE('',*,*,#760,.T.);
#426=ORIENTED_EDGE('',*,*,#758,.T.);
#427=ORIENTED_EDGE('',*,*,#761,.T.);
#428=ORIENTED_EDGE('',*,*,#762,.F.);
#429=ORIENTED_EDGE('',*,*,#759,.T.);
#430=ORIENTED_EDGE('',*,*,#763,.F.);
#431=ORIENTED_EDGE('',*,*,#764,.F.);
#432=ORIENTED_EDGE('',*,*,#765,.F.);
#433=ORIENTED_EDGE('',*,*,#766,.T.);
#434=ORIENTED_EDGE('',*,*,#764,.T.);
#435=ORIENTED_EDGE('',*,*,#767,.T.);
#436=ORIENTED_EDGE('',*,*,#768,.F.);
#437=ORIENTED_EDGE('',*,*,#769,.T.);
#438=ORIENTED_EDGE('',*,*,#765,.T.);
#439=ORIENTED_EDGE('',*,*,#770,.T.);
#440=ORIENTED_EDGE('',*,*,#771,.F.);
#441=ORIENTED_EDGE('',*,*,#772,.T.);
#442=ORIENTED_EDGE('',*,*,#768,.T.);
#443=ORIENTED_EDGE('',*,*,#773,.T.);
#444=ORIENTED_EDGE('',*,*,#774,.F.);
#445=ORIENTED_EDGE('',*,*,#775,.T.);
#446=ORIENTED_EDGE('',*,*,#771,.T.);
#447=ORIENTED_EDGE('',*,*,#776,.T.);
#448=ORIENTED_EDGE('',*,*,#777,.F.);
#449=ORIENTED_EDGE('',*,*,#774,.T.);
#450=ORIENTED_EDGE('',*,*,#778,.F.);
#451=ORIENTED_EDGE('',*,*,#779,.F.);
#452=ORIENTED_EDGE('',*,*,#780,.F.);
#453=ORIENTED_EDGE('',*,*,#781,.T.);
#454=ORIENTED_EDGE('',*,*,#779,.T.);
#455=ORIENTED_EDGE('',*,*,#782,.T.);
#456=ORIENTED_EDGE('',*,*,#783,.F.);
#457=ORIENTED_EDGE('',*,*,#780,.T.);
#458=ORIENTED_EDGE('',*,*,#784,.F.);
#459=ORIENTED_EDGE('',*,*,#785,.F.);
#460=ORIENTED_EDGE('',*,*,#786,.F.);
#461=ORIENTED_EDGE('',*,*,#785,.T.);
#462=ORIENTED_EDGE('',*,*,#787,.F.);
#463=ORIENTED_EDGE('',*,*,#788,.F.);
#464=ORIENTED_EDGE('',*,*,#789,.F.);
#465=ORIENTED_EDGE('',*,*,#788,.T.);
#466=ORIENTED_EDGE('',*,*,#790,.F.);
#467=ORIENTED_EDGE('',*,*,#756,.F.);
#468=ORIENTED_EDGE('',*,*,#732,.F.);
#469=ORIENTED_EDGE('',*,*,#712,.T.);
#470=ORIENTED_EDGE('',*,*,#754,.T.);
#471=ORIENTED_EDGE('',*,*,#791,.T.);
#472=ORIENTED_EDGE('',*,*,#757,.T.);
#473=ORIENTED_EDGE('',*,*,#790,.T.);
#474=ORIENTED_EDGE('',*,*,#787,.T.);
#475=ORIENTED_EDGE('',*,*,#784,.T.);
#476=ORIENTED_EDGE('',*,*,#782,.F.);
#477=ORIENTED_EDGE('',*,*,#778,.T.);
#478=ORIENTED_EDGE('',*,*,#776,.F.);
#479=ORIENTED_EDGE('',*,*,#773,.F.);
#480=ORIENTED_EDGE('',*,*,#770,.F.);
#481=ORIENTED_EDGE('',*,*,#767,.F.);
#482=ORIENTED_EDGE('',*,*,#763,.T.);
#483=ORIENTED_EDGE('',*,*,#761,.F.);
#484=ORIENTED_EDGE('',*,*,#733,.T.);
#485=ORIENTED_EDGE('',*,*,#791,.F.);
#486=ORIENTED_EDGE('',*,*,#753,.T.);
#487=ORIENTED_EDGE('',*,*,#752,.F.);
#488=ORIENTED_EDGE('',*,*,#750,.F.);
#489=ORIENTED_EDGE('',*,*,#748,.F.);
#490=ORIENTED_EDGE('',*,*,#746,.F.);
#491=ORIENTED_EDGE('',*,*,#743,.T.);
#492=ORIENTED_EDGE('',*,*,#742,.F.);
#493=ORIENTED_EDGE('',*,*,#739,.T.);
#494=ORIENTED_EDGE('',*,*,#737,.T.);
#495=ORIENTED_EDGE('',*,*,#735,.T.);
#496=ORIENTED_EDGE('',*,*,#789,.T.);
#497=ORIENTED_EDGE('',*,*,#755,.T.);
#498=ORIENTED_EDGE('',*,*,#760,.F.);
#499=ORIENTED_EDGE('',*,*,#762,.T.);
#500=ORIENTED_EDGE('',*,*,#766,.F.);
#501=ORIENTED_EDGE('',*,*,#769,.F.);
#502=ORIENTED_EDGE('',*,*,#772,.F.);
#503=ORIENTED_EDGE('',*,*,#775,.F.);
#504=ORIENTED_EDGE('',*,*,#777,.T.);
#505=ORIENTED_EDGE('',*,*,#781,.F.);
#506=ORIENTED_EDGE('',*,*,#783,.T.);
#507=ORIENTED_EDGE('',*,*,#786,.T.);
#508=ORIENTED_EDGE('',*,*,#792,.F.);
#509=ORIENTED_EDGE('',*,*,#793,.F.);
#510=ORIENTED_EDGE('',*,*,#794,.T.);
#511=ORIENTED_EDGE('',*,*,#795,.T.);
#512=ORIENTED_EDGE('',*,*,#796,.F.);
#513=ORIENTED_EDGE('',*,*,#797,.F.);
#514=ORIENTED_EDGE('',*,*,#798,.T.);
#515=ORIENTED_EDGE('',*,*,#793,.T.);
#516=ORIENTED_EDGE('',*,*,#799,.F.);
#517=ORIENTED_EDGE('',*,*,#800,.F.);
#518=ORIENTED_EDGE('',*,*,#801,.T.);
#519=ORIENTED_EDGE('',*,*,#797,.T.);
#520=ORIENTED_EDGE('',*,*,#802,.F.);
#521=ORIENTED_EDGE('',*,*,#803,.F.);
#522=ORIENTED_EDGE('',*,*,#804,.T.);
#523=ORIENTED_EDGE('',*,*,#800,.T.);
#524=ORIENTED_EDGE('',*,*,#805,.F.);
#525=ORIENTED_EDGE('',*,*,#806,.F.);
#526=ORIENTED_EDGE('',*,*,#807,.T.);
#527=ORIENTED_EDGE('',*,*,#803,.T.);
#528=ORIENTED_EDGE('',*,*,#808,.F.);
#529=ORIENTED_EDGE('',*,*,#809,.F.);
#530=ORIENTED_EDGE('',*,*,#810,.T.);
#531=ORIENTED_EDGE('',*,*,#806,.T.);
#532=ORIENTED_EDGE('',*,*,#811,.F.);
#533=ORIENTED_EDGE('',*,*,#812,.F.);
#534=ORIENTED_EDGE('',*,*,#813,.T.);
#535=ORIENTED_EDGE('',*,*,#809,.T.);
#536=ORIENTED_EDGE('',*,*,#814,.F.);
#537=ORIENTED_EDGE('',*,*,#815,.F.);
#538=ORIENTED_EDGE('',*,*,#816,.T.);
#539=ORIENTED_EDGE('',*,*,#812,.T.);
#540=ORIENTED_EDGE('',*,*,#817,.F.);
#541=ORIENTED_EDGE('',*,*,#818,.F.);
#542=ORIENTED_EDGE('',*,*,#819,.T.);
#543=ORIENTED_EDGE('',*,*,#815,.T.);
#544=ORIENTED_EDGE('',*,*,#820,.F.);
#545=ORIENTED_EDGE('',*,*,#821,.F.);
#546=ORIENTED_EDGE('',*,*,#822,.T.);
#547=ORIENTED_EDGE('',*,*,#818,.T.);
#548=ORIENTED_EDGE('',*,*,#823,.F.);
#549=ORIENTED_EDGE('',*,*,#824,.F.);
#550=ORIENTED_EDGE('',*,*,#825,.T.);
#551=ORIENTED_EDGE('',*,*,#821,.T.);
#552=ORIENTED_EDGE('',*,*,#826,.F.);
#553=ORIENTED_EDGE('',*,*,#827,.F.);
#554=ORIENTED_EDGE('',*,*,#828,.T.);
#555=ORIENTED_EDGE('',*,*,#824,.T.);
#556=ORIENTED_EDGE('',*,*,#829,.F.);
#557=ORIENTED_EDGE('',*,*,#830,.F.);
#558=ORIENTED_EDGE('',*,*,#831,.T.);
#559=ORIENTED_EDGE('',*,*,#827,.T.);
#560=ORIENTED_EDGE('',*,*,#832,.F.);
#561=ORIENTED_EDGE('',*,*,#833,.F.);
#562=ORIENTED_EDGE('',*,*,#834,.T.);
#563=ORIENTED_EDGE('',*,*,#830,.T.);
#564=ORIENTED_EDGE('',*,*,#835,.F.);
#565=ORIENTED_EDGE('',*,*,#836,.F.);
#566=ORIENTED_EDGE('',*,*,#837,.T.);
#567=ORIENTED_EDGE('',*,*,#833,.T.);
#568=ORIENTED_EDGE('',*,*,#838,.F.);
#569=ORIENTED_EDGE('',*,*,#839,.F.);
#570=ORIENTED_EDGE('',*,*,#840,.T.);
#571=ORIENTED_EDGE('',*,*,#836,.T.);
#572=ORIENTED_EDGE('',*,*,#841,.F.);
#573=ORIENTED_EDGE('',*,*,#842,.F.);
#574=ORIENTED_EDGE('',*,*,#843,.T.);
#575=ORIENTED_EDGE('',*,*,#839,.T.);
#576=ORIENTED_EDGE('',*,*,#687,.T.);
#577=ORIENTED_EDGE('',*,*,#844,.F.);
#578=ORIENTED_EDGE('',*,*,#845,.F.);
#579=ORIENTED_EDGE('',*,*,#846,.T.);
#580=ORIENTED_EDGE('',*,*,#847,.T.);
#581=ORIENTED_EDGE('',*,*,#848,.F.);
#582=ORIENTED_EDGE('',*,*,#686,.T.);
#583=ORIENTED_EDGE('',*,*,#846,.F.);
#584=ORIENTED_EDGE('',*,*,#849,.F.);
#585=ORIENTED_EDGE('',*,*,#844,.T.);
#586=ORIENTED_EDGE('',*,*,#850,.F.);
#587=ORIENTED_EDGE('',*,*,#795,.F.);
#588=ORIENTED_EDGE('',*,*,#851,.T.);
#589=ORIENTED_EDGE('',*,*,#842,.T.);
#590=ORIENTED_EDGE('',*,*,#845,.T.);
#591=ORIENTED_EDGE('',*,*,#849,.T.);
#592=ORIENTED_EDGE('',*,*,#847,.F.);
#593=ORIENTED_EDGE('',*,*,#794,.F.);
#594=ORIENTED_EDGE('',*,*,#798,.F.);
#595=ORIENTED_EDGE('',*,*,#801,.F.);
#596=ORIENTED_EDGE('',*,*,#804,.F.);
#597=ORIENTED_EDGE('',*,*,#807,.F.);
#598=ORIENTED_EDGE('',*,*,#810,.F.);
#599=ORIENTED_EDGE('',*,*,#813,.F.);
#600=ORIENTED_EDGE('',*,*,#816,.F.);
#601=ORIENTED_EDGE('',*,*,#819,.F.);
#602=ORIENTED_EDGE('',*,*,#822,.F.);
#603=ORIENTED_EDGE('',*,*,#825,.F.);
#604=ORIENTED_EDGE('',*,*,#828,.F.);
#605=ORIENTED_EDGE('',*,*,#831,.F.);
#606=ORIENTED_EDGE('',*,*,#834,.F.);
#607=ORIENTED_EDGE('',*,*,#837,.F.);
#608=ORIENTED_EDGE('',*,*,#840,.F.);
#609=ORIENTED_EDGE('',*,*,#843,.F.);
#610=ORIENTED_EDGE('',*,*,#851,.F.);
#611=ORIENTED_EDGE('',*,*,#792,.T.);
#612=ORIENTED_EDGE('',*,*,#850,.T.);
#613=ORIENTED_EDGE('',*,*,#841,.T.);
#614=ORIENTED_EDGE('',*,*,#838,.T.);
#615=ORIENTED_EDGE('',*,*,#835,.T.);
#616=ORIENTED_EDGE('',*,*,#832,.T.);
#617=ORIENTED_EDGE('',*,*,#829,.T.);
#618=ORIENTED_EDGE('',*,*,#826,.T.);
#619=ORIENTED_EDGE('',*,*,#823,.T.);
#620=ORIENTED_EDGE('',*,*,#820,.T.);
#621=ORIENTED_EDGE('',*,*,#817,.T.);
#622=ORIENTED_EDGE('',*,*,#814,.T.);
#623=ORIENTED_EDGE('',*,*,#811,.T.);
#624=ORIENTED_EDGE('',*,*,#808,.T.);
#625=ORIENTED_EDGE('',*,*,#805,.T.);
#626=ORIENTED_EDGE('',*,*,#802,.T.);
#627=ORIENTED_EDGE('',*,*,#799,.T.);
#628=ORIENTED_EDGE('',*,*,#796,.T.);
#629=ORIENTED_EDGE('',*,*,#848,.T.);
#630=ORIENTED_EDGE('',*,*,#711,.F.);
#631=ORIENTED_EDGE('',*,*,#852,.T.);
#632=ORIENTED_EDGE('',*,*,#700,.F.);
#633=ORIENTED_EDGE('',*,*,#689,.F.);
#634=ORIENTED_EDGE('',*,*,#702,.F.);
#635=ORIENTED_EDGE('',*,*,#853,.T.);
#636=ORIENTED_EDGE('',*,*,#706,.F.);
#637=ORIENTED_EDGE('',*,*,#691,.F.);
#638=ORIENTED_EDGE('',*,*,#708,.F.);
#639=ORIENTED_EDGE('',*,*,#854,.T.);
#640=ORIENTED_EDGE('',*,*,#703,.F.);
#641=ORIENTED_EDGE('',*,*,#693,.F.);
#642=ORIENTED_EDGE('',*,*,#705,.F.);
#643=ORIENTED_EDGE('',*,*,#855,.T.);
#644=ORIENTED_EDGE('',*,*,#709,.F.);
#645=ORIENTED_EDGE('',*,*,#695,.F.);
#646=ORIENTED_EDGE('',*,*,#856,.F.);
#647=ORIENTED_EDGE('',*,*,#704,.F.);
#648=ORIENTED_EDGE('',*,*,#857,.F.);
#649=ORIENTED_EDGE('',*,*,#683,.F.);
#650=ORIENTED_EDGE('',*,*,#857,.T.);
#651=ORIENTED_EDGE('',*,*,#854,.F.);
#652=ORIENTED_EDGE('',*,*,#858,.F.);
#653=ORIENTED_EDGE('',*,*,#684,.F.);
#654=ORIENTED_EDGE('',*,*,#856,.T.);
#655=ORIENTED_EDGE('',*,*,#682,.F.);
#656=ORIENTED_EDGE('',*,*,#859,.F.);
#657=ORIENTED_EDGE('',*,*,#855,.F.);
#658=ORIENTED_EDGE('',*,*,#858,.T.);
#659=ORIENTED_EDGE('',*,*,#707,.F.);
#660=ORIENTED_EDGE('',*,*,#860,.F.);
#661=ORIENTED_EDGE('',*,*,#685,.F.);
#662=ORIENTED_EDGE('',*,*,#859,.T.);
#663=ORIENTED_EDGE('',*,*,#681,.F.);
#664=ORIENTED_EDGE('',*,*,#861,.F.);
#665=ORIENTED_EDGE('',*,*,#710,.F.);
#666=ORIENTED_EDGE('',*,*,#860,.T.);
#667=ORIENTED_EDGE('',*,*,#853,.F.);
#668=ORIENTED_EDGE('',*,*,#862,.F.);
#669=ORIENTED_EDGE('',*,*,#678,.F.);
#670=ORIENTED_EDGE('',*,*,#861,.T.);
#671=ORIENTED_EDGE('',*,*,#680,.F.);
#672=ORIENTED_EDGE('',*,*,#863,.F.);
#673=ORIENTED_EDGE('',*,*,#852,.F.);
#674=ORIENTED_EDGE('',*,*,#862,.T.);
#675=ORIENTED_EDGE('',*,*,#701,.F.);
#676=ORIENTED_EDGE('',*,*,#863,.T.);
#677=ORIENTED_EDGE('',*,*,#679,.F.);
#678=EDGE_CURVE('',#864,#865,#986,.T.);
#679=EDGE_CURVE('',#865,#866,#54,.T.);
#680=EDGE_CURVE('',#866,#867,#987,.T.);
#681=EDGE_CURVE('',#867,#868,#55,.T.);
#682=EDGE_CURVE('',#868,#869,#988,.T.);
#683=EDGE_CURVE('',#869,#870,#56,.T.);
#684=EDGE_CURVE('',#870,#871,#989,.T.);
#685=EDGE_CURVE('',#871,#864,#57,.T.);
#686=EDGE_CURVE('',#872,#873,#990,.T.);
#687=EDGE_CURVE('',#873,#872,#991,.T.);
#688=EDGE_CURVE('',#874,#875,#58,.T.);
#689=EDGE_CURVE('',#874,#876,#50,.F.);
#690=EDGE_CURVE('',#877,#876,#59,.T.);
#691=EDGE_CURVE('',#877,#878,#51,.F.);
#692=EDGE_CURVE('',#878,#879,#60,.T.);
#693=EDGE_CURVE('',#879,#880,#52,.F.);
#694=EDGE_CURVE('',#880,#881,#61,.T.);
#695=EDGE_CURVE('',#881,#875,#53,.F.);
#696=EDGE_CURVE('',#882,#883,#62,.T.);
#697=EDGE_CURVE('',#882,#884,#63,.T.);
#698=EDGE_CURVE('',#884,#885,#64,.T.);
#699=EDGE_CURVE('',#883,#885,#65,.T.);
#700=EDGE_CURVE('',#876,#886,#66,.T.);
#701=EDGE_CURVE('',#886,#887,#67,.T.);
#702=EDGE_CURVE('',#887,#877,#68,.F.);
#703=EDGE_CURVE('',#880,#888,#69,.T.);
#704=EDGE_CURVE('',#888,#889,#70,.T.);
#705=EDGE_CURVE('',#889,#881,#71,.F.);
#706=EDGE_CURVE('',#878,#890,#72,.T.);
#707=EDGE_CURVE('',#890,#891,#73,.T.);
#708=EDGE_CURVE('',#891,#879,#74,.F.);
#709=EDGE_CURVE('',#875,#892,#75,.T.);
#710=EDGE_CURVE('',#892,#893,#76,.T.);
#711=EDGE_CURVE('',#893,#874,#77,.F.);
#712=EDGE_CURVE('',#894,#895,#78,.T.);
#713=EDGE_CURVE('',#894,#896,#79,.T.);
#714=EDGE_CURVE('',#896,#897,#80,.T.);
#715=EDGE_CURVE('',#897,#898,#81,.T.);
#716=EDGE_CURVE('',#898,#899,#82,.T.);
#717=EDGE_CURVE('',#900,#899,#83,.T.);
#718=EDGE_CURVE('',#900,#901,#84,.T.);
#719=EDGE_CURVE('',#902,#901,#85,.T.);
#720=EDGE_CURVE('',#903,#902,#86,.T.);
#721=EDGE_CURVE('',#904,#903,#87,.T.);
#722=EDGE_CURVE('',#905,#904,#88,.T.);
#723=EDGE_CURVE('',#905,#895,#89,.T.);
#724=EDGE_CURVE('',#906,#907,#90,.T.);
#725=EDGE_CURVE('',#906,#908,#91,.T.);
#726=EDGE_CURVE('',#908,#909,#92,.T.);
#727=EDGE_CURVE('',#907,#909,#93,.T.);
#728=EDGE_CURVE('',#882,#906,#94,.T.);
#729=EDGE_CURVE('',#884,#907,#95,.T.);
#730=EDGE_CURVE('',#885,#909,#96,.T.);
#731=EDGE_CURVE('',#883,#908,#97,.T.);
#732=EDGE_CURVE('',#894,#910,#98,.T.);
#733=EDGE_CURVE('',#911,#910,#99,.T.);
#734=EDGE_CURVE('',#896,#911,#100,.T.);
#735=EDGE_CURVE('',#912,#911,#101,.T.);
#736=EDGE_CURVE('',#897,#912,#102,.T.);
#737=EDGE_CURVE('',#913,#912,#103,.T.);
#738=EDGE_CURVE('',#898,#913,#104,.T.);
#739=EDGE_CURVE('',#914,#913,#105,.T.);
#740=EDGE_CURVE('',#899,#914,#106,.T.);
#741=EDGE_CURVE('',#900,#915,#107,.T.);
#742=EDGE_CURVE('',#914,#915,#108,.T.);
#743=EDGE_CURVE('',#916,#915,#109,.T.);
#744=EDGE_CURVE('',#901,#916,#110,.T.);
#745=EDGE_CURVE('',#902,#917,#111,.T.);
#746=EDGE_CURVE('',#916,#917,#112,.T.);
#747=EDGE_CURVE('',#903,#918,#113,.T.);
#748=EDGE_CURVE('',#917,#918,#114,.T.);
#749=EDGE_CURVE('',#904,#919,#115,.T.);
#750=EDGE_CURVE('',#918,#919,#116,.T.);
#751=EDGE_CURVE('',#905,#920,#117,.T.);
#752=EDGE_CURVE('',#919,#920,#118,.T.);
#753=EDGE_CURVE('',#921,#920,#119,.T.);
#754=EDGE_CURVE('',#895,#921,#120,.T.);
#755=EDGE_CURVE('',#922,#923,#121,.T.);
#756=EDGE_CURVE('',#922,#924,#122,.T.);
#757=EDGE_CURVE('',#925,#924,#123,.T.);
#758=EDGE_CURVE('',#923,#925,#124,.T.);
#759=EDGE_CURVE('',#926,#927,#125,.T.);
#760=EDGE_CURVE('',#926,#923,#126,.T.);
#761=EDGE_CURVE('',#925,#927,#127,.T.);
#762=EDGE_CURVE('',#926,#928,#128,.T.);
#763=EDGE_CURVE('',#929,#927,#129,.T.);
#764=EDGE_CURVE('',#928,#929,#130,.T.);
#765=EDGE_CURVE('',#930,#931,#131,.T.);
#766=EDGE_CURVE('',#930,#928,#132,.T.);
#767=EDGE_CURVE('',#929,#931,#133,.T.);
#768=EDGE_CURVE('',#932,#933,#134,.T.);
#769=EDGE_CURVE('',#932,#930,#135,.T.);
#770=EDGE_CURVE('',#931,#933,#136,.T.);
#771=EDGE_CURVE('',#934,#935,#137,.T.);
#772=EDGE_CURVE('',#934,#932,#138,.T.);
#773=EDGE_CURVE('',#933,#935,#139,.T.);
#774=EDGE_CURVE('',#936,#937,#140,.T.);
#775=EDGE_CURVE('',#936,#934,#141,.T.);
#776=EDGE_CURVE('',#935,#937,#142,.T.);
#777=EDGE_CURVE('',#936,#938,#143,.T.);
#778=EDGE_CURVE('',#939,#937,#144,.T.);
#779=EDGE_CURVE('',#938,#939,#145,.T.);
#780=EDGE_CURVE('',#940,#941,#146,.T.);
#781=EDGE_CURVE('',#940,#938,#147,.T.);
#782=EDGE_CURVE('',#939,#941,#148,.T.);
#783=EDGE_CURVE('',#940,#942,#149,.T.);
#784=EDGE_CURVE('',#943,#941,#150,.T.);
#785=EDGE_CURVE('',#942,#943,#151,.T.);
#786=EDGE_CURVE('',#942,#944,#152,.T.);
#787=EDGE_CURVE('',#945,#943,#153,.T.);
#788=EDGE_CURVE('',#944,#945,#154,.T.);
#789=EDGE_CURVE('',#944,#922,#155,.T.);
#790=EDGE_CURVE('',#924,#945,#156,.T.);
#791=EDGE_CURVE('',#921,#910,#157,.T.);
#792=EDGE_CURVE('',#946,#947,#992,.T.);
#793=EDGE_CURVE('',#948,#946,#158,.T.);
#794=EDGE_CURVE('',#948,#949,#993,.T.);
#795=EDGE_CURVE('',#949,#947,#159,.T.);
#796=EDGE_CURVE('',#950,#946,#994,.T.);
#797=EDGE_CURVE('',#951,#950,#160,.T.);
#798=EDGE_CURVE('',#951,#948,#995,.T.);
#799=EDGE_CURVE('',#952,#950,#996,.T.);
#800=EDGE_CURVE('',#953,#952,#161,.T.);
#801=EDGE_CURVE('',#953,#951,#997,.T.);
#802=EDGE_CURVE('',#954,#952,#162,.T.);
#803=EDGE_CURVE('',#955,#954,#163,.T.);
#804=EDGE_CURVE('',#955,#953,#164,.T.);
#805=EDGE_CURVE('',#956,#954,#998,.T.);
#806=EDGE_CURVE('',#957,#956,#165,.T.);
#807=EDGE_CURVE('',#957,#955,#999,.T.);
#808=EDGE_CURVE('',#958,#956,#1000,.T.);
#809=EDGE_CURVE('',#959,#958,#166,.T.);
#810=EDGE_CURVE('',#959,#957,#1001,.T.);
#811=EDGE_CURVE('',#960,#958,#1002,.T.);
#812=EDGE_CURVE('',#961,#960,#167,.T.);
#813=EDGE_CURVE('',#961,#959,#1003,.T.);
#814=EDGE_CURVE('',#962,#960,#1004,.T.);
#815=EDGE_CURVE('',#963,#962,#168,.T.);
#816=EDGE_CURVE('',#963,#961,#1005,.T.);
#817=EDGE_CURVE('',#964,#962,#12,.F.);
#818=EDGE_CURVE('',#965,#964,#169,.T.);
#819=EDGE_CURVE('',#965,#963,#13,.F.);
#820=EDGE_CURVE('',#966,#964,#14,.F.);
#821=EDGE_CURVE('',#967,#966,#170,.T.);
#822=EDGE_CURVE('',#967,#965,#15,.F.);
#823=EDGE_CURVE('',#968,#966,#1006,.T.);
#824=EDGE_CURVE('',#969,#968,#171,.T.);
#825=EDGE_CURVE('',#969,#967,#1007,.T.);
#826=EDGE_CURVE('',#970,#968,#16,.T.);
#827=EDGE_CURVE('',#971,#970,#172,.T.);
#828=EDGE_CURVE('',#971,#969,#17,.T.);
#829=EDGE_CURVE('',#972,#970,#1008,.T.);
#830=EDGE_CURVE('',#973,#972,#173,.T.);
#831=EDGE_CURVE('',#973,#971,#1009,.T.);
#832=EDGE_CURVE('',#974,#972,#18,.T.);
#833=EDGE_CURVE('',#975,#974,#174,.T.);
#834=EDGE_CURVE('',#975,#973,#19,.T.);
#835=EDGE_CURVE('',#976,#974,#1010,.T.);
#836=EDGE_CURVE('',#977,#976,#175,.T.);
#837=EDGE_CURVE('',#977,#975,#1011,.T.);
#838=EDGE_CURVE('',#978,#976,#1012,.T.);
#839=EDGE_CURVE('',#979,#978,#176,.T.);
#840=EDGE_CURVE('',#979,#977,#1013,.T.);
#841=EDGE_CURVE('',#980,#978,#1014,.T.);
#842=EDGE_CURVE('',#981,#980,#177,.T.);
#843=EDGE_CURVE('',#981,#979,#1015,.T.);
#844=EDGE_CURVE('',#982,#872,#178,.T.);
#845=EDGE_CURVE('',#983,#982,#1016,.T.);
#846=EDGE_CURVE('',#983,#873,#179,.T.);
#847=EDGE_CURVE('',#984,#984,#1017,.T.);
#848=EDGE_CURVE('',#985,#985,#1018,.T.);
#849=EDGE_CURVE('',#982,#983,#1019,.T.);
#850=EDGE_CURVE('',#947,#980,#20,.F.);
#851=EDGE_CURVE('',#949,#981,#21,.F.);
#852=EDGE_CURVE('',#893,#886,#1020,.T.);
#853=EDGE_CURVE('',#887,#890,#1021,.T.);
#854=EDGE_CURVE('',#891,#888,#1022,.T.);
#855=EDGE_CURVE('',#889,#892,#1023,.T.);
#856=EDGE_CURVE('',#889,#869,#1024,.F.);
#857=EDGE_CURVE('',#870,#888,#1025,.F.);
#858=EDGE_CURVE('',#871,#891,#1026,.T.);
#859=EDGE_CURVE('',#892,#868,#1027,.T.);
#860=EDGE_CURVE('',#864,#890,#1028,.F.);
#861=EDGE_CURVE('',#893,#867,#1029,.F.);
#862=EDGE_CURVE('',#865,#887,#1030,.T.);
#863=EDGE_CURVE('',#886,#866,#1031,.T.);
#864=VERTEX_POINT('',#1662);
#865=VERTEX_POINT('',#1663);
#866=VERTEX_POINT('',#1665);
#867=VERTEX_POINT('',#1671);
#868=VERTEX_POINT('',#1673);
#869=VERTEX_POINT('',#1679);
#870=VERTEX_POINT('',#1681);
#871=VERTEX_POINT('',#1687);
#872=VERTEX_POINT('',#1744);
#873=VERTEX_POINT('',#1745);
#874=VERTEX_POINT('',#1770);
#875=VERTEX_POINT('',#1771);
#876=VERTEX_POINT('',#1773);
#877=VERTEX_POINT('',#1775);
#878=VERTEX_POINT('',#1777);
#879=VERTEX_POINT('',#1779);
#880=VERTEX_POINT('',#1781);
#881=VERTEX_POINT('',#1783);
#882=VERTEX_POINT('',#1786);
#883=VERTEX_POINT('',#1787);
#884=VERTEX_POINT('',#1789);
#885=VERTEX_POINT('',#1791);
#886=VERTEX_POINT('',#1795);
#887=VERTEX_POINT('',#1797);
#888=VERTEX_POINT('',#1801);
#889=VERTEX_POINT('',#1803);
#890=VERTEX_POINT('',#1807);
#891=VERTEX_POINT('',#1809);
#892=VERTEX_POINT('',#1813);
#893=VERTEX_POINT('',#1815);
#894=VERTEX_POINT('',#1819);
#895=VERTEX_POINT('',#1820);
#896=VERTEX_POINT('',#1822);
#897=VERTEX_POINT('',#1824);
#898=VERTEX_POINT('',#1826);
#899=VERTEX_POINT('',#1828);
#900=VERTEX_POINT('',#1830);
#901=VERTEX_POINT('',#1832);
#902=VERTEX_POINT('',#1834);
#903=VERTEX_POINT('',#1836);
#904=VERTEX_POINT('',#1838);
#905=VERTEX_POINT('',#1840);
#906=VERTEX_POINT('',#1843);
#907=VERTEX_POINT('',#1844);
#908=VERTEX_POINT('',#1846);
#909=VERTEX_POINT('',#1848);
#910=VERTEX_POINT('',#1860);
#911=VERTEX_POINT('',#1862);
#912=VERTEX_POINT('',#1866);
#913=VERTEX_POINT('',#1870);
#914=VERTEX_POINT('',#1874);
#915=VERTEX_POINT('',#1878);
#916=VERTEX_POINT('',#1882);
#917=VERTEX_POINT('',#1886);
#918=VERTEX_POINT('',#1890);
#919=VERTEX_POINT('',#1894);
#920=VERTEX_POINT('',#1898);
#921=VERTEX_POINT('',#1902);
#922=VERTEX_POINT('',#1906);
#923=VERTEX_POINT('',#1907);
#924=VERTEX_POINT('',#1909);
#925=VERTEX_POINT('',#1911);
#926=VERTEX_POINT('',#1915);
#927=VERTEX_POINT('',#1916);
#928=VERTEX_POINT('',#1921);
#929=VERTEX_POINT('',#1923);
#930=VERTEX_POINT('',#1927);
#931=VERTEX_POINT('',#1928);
#932=VERTEX_POINT('',#1933);
#933=VERTEX_POINT('',#1934);
#934=VERTEX_POINT('',#1939);
#935=VERTEX_POINT('',#1940);
#936=VERTEX_POINT('',#1945);
#937=VERTEX_POINT('',#1946);
#938=VERTEX_POINT('',#1951);
#939=VERTEX_POINT('',#1953);
#940=VERTEX_POINT('',#1957);
#941=VERTEX_POINT('',#1958);
#942=VERTEX_POINT('',#1963);
#943=VERTEX_POINT('',#1965);
#944=VERTEX_POINT('',#1969);
#945=VERTEX_POINT('',#1971);
#946=VERTEX_POINT('',#1992);
#947=VERTEX_POINT('',#1993);
#948=VERTEX_POINT('',#1995);
#949=VERTEX_POINT('',#2000);
#950=VERTEX_POINT('',#2014);
#951=VERTEX_POINT('',#2016);
#952=VERTEX_POINT('',#2147);
#953=VERTEX_POINT('',#2149);
#954=VERTEX_POINT('',#2184);
#955=VERTEX_POINT('',#2186);
#956=VERTEX_POINT('',#2201);
#957=VERTEX_POINT('',#2203);
#958=VERTEX_POINT('',#2221);
#959=VERTEX_POINT('',#2223);
#960=VERTEX_POINT('',#2240);
#961=VERTEX_POINT('',#2242);
#962=VERTEX_POINT('',#2259);
#963=VERTEX_POINT('',#2261);
#964=VERTEX_POINT('',#2268);
#965=VERTEX_POINT('',#2270);
#966=VERTEX_POINT('',#2274);
#967=VERTEX_POINT('',#2276);
#968=VERTEX_POINT('',#2294);
#969=VERTEX_POINT('',#2296);
#970=VERTEX_POINT('',#2305);
#971=VERTEX_POINT('',#2307);
#972=VERTEX_POINT('',#2324);
#973=VERTEX_POINT('',#2326);
#974=VERTEX_POINT('',#2334);
#975=VERTEX_POINT('',#2336);
#976=VERTEX_POINT('',#2351);
#977=VERTEX_POINT('',#2353);
#978=VERTEX_POINT('',#2371);
#979=VERTEX_POINT('',#2373);
#980=VERTEX_POINT('',#2390);
#981=VERTEX_POINT('',#2392);
#982=VERTEX_POINT('',#2458);
#983=VERTEX_POINT('',#2481);
#984=VERTEX_POINT('',#2549);
#985=VERTEX_POINT('',#2572);
#986=B_SPLINE_CURVE_WITH_KNOTS('',3,(#1657,#1658,#1659,#1660,#1661),
 .UNSPECIFIED.,.F.,.F.,(4,1,4),(0.,0.5,1.),.UNSPECIFIED.);
#987=B_SPLINE_CURVE_WITH_KNOTS('',3,(#1666,#1667,#1668,#1669,#1670),
 .UNSPECIFIED.,.F.,.F.,(4,1,4),(0.,0.5,1.),.UNSPECIFIED.);
#988=B_SPLINE_CURVE_WITH_KNOTS('',3,(#1674,#1675,#1676,#1677,#1678),
 .UNSPECIFIED.,.F.,.F.,(4,1,4),(0.,0.5,1.),.UNSPECIFIED.);
#989=B_SPLINE_CURVE_WITH_KNOTS('',3,(#1682,#1683,#1684,#1685,#1686),
 .UNSPECIFIED.,.F.,.F.,(4,1,4),(0.,0.5,1.),.UNSPECIFIED.);
#990=B_SPLINE_CURVE_WITH_KNOTS('',3,(#1689,#1690,#1691,#1692,#1693,#1694,
#1695,#1696,#1697,#1698,#1699,#1700,#1701,#1702,#1703,#1704,#1705,#1706,
#1707,#1708,#1709,#1710,#1711,#1712,#1713,#1714,#1715,#1716,#1717,#1718,
#1719,#1720,#1721,#1722,#1723,#1724,#1725,#1726,#1727,#1728,#1729,#1730,
#1731,#1732,#1733,#1734,#1735,#1736,#1737,#1738,#1739,#1740,#1741,#1742,
#1743),.UNSPECIFIED.,.F.,.F.,(4,1,1,1,1,1,1,1,1,1,1,1,1,1,1,1,1,1,1,1,1,
1,1,1,1,1,1,1,1,1,1,1,1,1,1,1,1,1,1,1,1,1,1,1,1,1,1,1,1,1,1,1,4),(0.,0.0357070129039316,
0.0448720242336024,0.0589233072854573,0.0683622022395991,0.0839766064463399,
0.0936674206814092,0.122667820479041,0.149498452247056,0.177705737226846,
0.201469624389229,0.217365887715611,0.236807807187638,0.252559392519182,
0.274633297379147,0.301294360381635,0.32037625482431,0.334379605657682,
0.348285592978368,0.368143546120996,0.387594518638599,0.411521028228161,
0.429288676925501,0.449120738235602,0.468992249107786,0.489707637611364,
0.511030713726158,0.530603321602765,0.543335842244253,0.563631898074353,
0.585907998582083,0.601891371134253,0.62198939419655,0.638174118930029,
0.654146676971359,0.668794670897987,0.689696038052531,0.702342238087052,
0.720592975525074,0.732898615948124,0.75903372070605,0.781984639463922,
0.808869895079024,0.842754788617154,0.858506380305993,0.873333457315168,
0.887384738956687,0.902018673377399,0.915158500493467,0.928317720418376,
0.939216815891877,0.957860875410496,0.981873841778331),.UNSPECIFIED.);
#991=B_SPLINE_CURVE_WITH_KNOTS('',3,(#1746,#1747,#1748,#1749,#1750,#1751,
#1752,#1753,#1754,#1755,#1756,#1757,#1758,#1759,#1760,#1761,#1762,#1763,
#1764,#1765,#1766,#1767),.UNSPECIFIED.,.F.,.F.,(4,1,1,1,1,1,1,1,1,1,1,1,
3,1,1,1,1,4),(0.327962643828398,0.391861663888734,0.443306560001205,0.508523223195212,
0.565948227112517,0.610701386507442,0.661602629146156,0.704141814693743,
0.777552925722118,0.842146519317052,0.859061572628602,0.924837758404047,
1.,1.08120609265283,1.13123020535648,1.16868573578093,1.21578357493584,
1.26308778891466),.UNSPECIFIED.);
#992=B_SPLINE_CURVE_WITH_KNOTS('',3,(#1988,#1989,#1990,#1991),
 .UNSPECIFIED.,.F.,.F.,(4,4),(0.0498331296671012,0.0995105060872914),
 .PIECEWISE_BEZIER_KNOTS.);
#993=B_SPLINE_CURVE_WITH_KNOTS('',3,(#1996,#1997,#1998,#1999),
 .UNSPECIFIED.,.F.,.F.,(4,4),(0.0498331296671012,0.0995105060872914),
 .PIECEWISE_BEZIER_KNOTS.);
#994=B_SPLINE_CURVE_WITH_KNOTS('',3,(#2010,#2011,#2012,#2013),
 .UNSPECIFIED.,.F.,.F.,(4,4),(0.708738945851009,0.736980012286128),
 .PIECEWISE_BEZIER_KNOTS.);
#995=B_SPLINE_CURVE_WITH_KNOTS('',3,(#2017,#2018,#2019,#2020),
 .UNSPECIFIED.,.F.,.F.,(4,4),(0.708738945851009,0.736980012286128),
 .PIECEWISE_BEZIER_KNOTS.);
#996=B_SPLINE_CURVE_WITH_KNOTS('',3,(#2115,#2116,#2117,#2118,#2119,#2120,
#2121,#2122,#2123,#2124,#2125,#2126,#2127,#2128,#2129,#2130,#2131,#2132,
#2133,#2134,#2135,#2136,#2137,#2138,#2139,#2140,#2141,#2142,#2143,#2144,
#2145,#2146),.UNSPECIFIED.,.F.,.F.,(4,3,1,1,1,1,1,1,1,1,1,1,1,1,1,1,1,1,
1,1,1,1,1,1,1,1,1,4),(0.999786007382903,1.,1.0311484585633,1.06377465977592,
1.09359842060938,1.12150101248322,1.14606627469467,1.16984900109858,1.19171715110228,
1.21697040258309,1.24294800591794,1.26362132756122,1.28776375320634,1.3199461095248,
1.35557462485843,1.38672206677172,1.41936563043195,1.45722046585354,1.48093842986614,
1.5117234629491,1.53719836057827,1.55513671722679,1.58514515924302,1.60361380636748,
1.62613198337082,1.65865786603532,1.67895913920126,1.70873894585101),
 .UNSPECIFIED.);
#997=B_SPLINE_CURVE_WITH_KNOTS('',3,(#2150,#2151,#2152,#2153,#2154,#2155,
#2156,#2157,#2158,#2159,#2160,#2161,#2162,#2163,#2164,#2165,#2166,#2167,
#2168,#2169,#2170,#2171,#2172,#2173,#2174,#2175,#2176,#2177,#2178,#2179,
#2180,#2181),.UNSPECIFIED.,.F.,.F.,(4,3,1,1,1,1,1,1,1,1,1,1,1,1,1,1,1,1,
1,1,1,1,1,1,1,1,1,4),(0.999786007382903,1.,1.0311484585633,1.06377465977592,
1.09359842060938,1.12150101248322,1.14606627469467,1.16984900109858,1.19171715110228,
1.21697040258309,1.24294800591794,1.26362132756122,1.28776375320634,1.3199461095248,
1.35557462485843,1.38672206677172,1.41936563043195,1.45722046585354,1.48093842986614,
1.5117234629491,1.53719836057827,1.55513671722679,1.58514515924302,1.60361380636748,
1.62613198337082,1.65865786603532,1.67895913920126,1.70873894585101),
 .UNSPECIFIED.);
#998=B_SPLINE_CURVE_WITH_KNOTS('',3,(#2196,#2197,#2198,#2199,#2200),
 .UNSPECIFIED.,.F.,.F.,(4,1,4),(0.936791179777154,0.973994851598612,0.982909096870139),
 .UNSPECIFIED.);
#999=B_SPLINE_CURVE_WITH_KNOTS('',3,(#2204,#2205,#2206,#2207,#2208),
 .UNSPECIFIED.,.F.,.F.,(4,1,4),(0.936791179777154,0.973994851598612,0.982909096870139),
 .UNSPECIFIED.);
#1000=B_SPLINE_CURVE_WITH_KNOTS('',3,(#2217,#2218,#2219,#2220),
 .UNSPECIFIED.,.F.,.F.,(4,4),(0.978564402689107,0.988773081057497),
 .PIECEWISE_BEZIER_KNOTS.);
#1001=B_SPLINE_CURVE_WITH_KNOTS('',3,(#2224,#2225,#2226,#2227),
 .UNSPECIFIED.,.F.,.F.,(4,4),(0.978564402689107,0.988773081057497),
 .PIECEWISE_BEZIER_KNOTS.);
#1002=B_SPLINE_CURVE_WITH_KNOTS('',3,(#2236,#2237,#2238,#2239),
 .UNSPECIFIED.,.F.,.F.,(4,4),(0.877445298762951,0.910496856879555),
 .PIECEWISE_BEZIER_KNOTS.);
#1003=B_SPLINE_CURVE_WITH_KNOTS('',3,(#2243,#2244,#2245,#2246),
 .UNSPECIFIED.,.F.,.F.,(4,4),(0.877445298762951,0.910496856879555),
 .PIECEWISE_BEZIER_KNOTS.);
#1004=B_SPLINE_CURVE_WITH_KNOTS('',3,(#2255,#2256,#2257,#2258),
 .UNSPECIFIED.,.F.,.F.,(4,4),(0.951170963278082,0.969093458509916),
 .PIECEWISE_BEZIER_KNOTS.);
#1005=B_SPLINE_CURVE_WITH_KNOTS('',3,(#2262,#2263,#2264,#2265),
 .UNSPECIFIED.,.F.,.F.,(4,4),(0.951170963278082,0.969093458509916),
 .PIECEWISE_BEZIER_KNOTS.);
#1006=B_SPLINE_CURVE_WITH_KNOTS('',3,(#2288,#2289,#2290,#2291,#2292,#2293),
 .UNSPECIFIED.,.F.,.F.,(4,1,1,4),(0.574206074039234,0.574210906997418,0.6522263425875,
0.713213852282636),.UNSPECIFIED.);
#1007=B_SPLINE_CURVE_WITH_KNOTS('',3,(#2297,#2298,#2299,#2300,#2301,#2302),
 .UNSPECIFIED.,.F.,.F.,(4,1,1,4),(0.574206074039234,0.574210906997418,0.6522263425875,
0.713213852282636),.UNSPECIFIED.);
#1008=B_SPLINE_CURVE_WITH_KNOTS('',3,(#2319,#2320,#2321,#2322,#2323),
 .UNSPECIFIED.,.F.,.F.,(4,1,4),(0.457638088615363,0.490135478466781,0.56539804328627),
 .UNSPECIFIED.);
#1009=B_SPLINE_CURVE_WITH_KNOTS('',3,(#2327,#2328,#2329,#2330,#2331),
 .UNSPECIFIED.,.F.,.F.,(4,1,4),(0.457638088615363,0.490135478466781,0.56539804328627),
 .UNSPECIFIED.);
#1010=B_SPLINE_CURVE_WITH_KNOTS('',3,(#2346,#2347,#2348,#2349,#2350),
 .UNSPECIFIED.,.F.,.F.,(4,1,4),(0.355659803667279,0.355661523703136,0.431413226626545),
 .UNSPECIFIED.);
#1011=B_SPLINE_CURVE_WITH_KNOTS('',3,(#2354,#2355,#2356,#2357,#2358),
 .UNSPECIFIED.,.F.,.F.,(4,1,4),(0.355659803667279,0.355661523703136,0.431413226626545),
 .UNSPECIFIED.);
#1012=B_SPLINE_CURVE_WITH_KNOTS('',3,(#2367,#2368,#2369,#2370),
 .UNSPECIFIED.,.F.,.F.,(4,4),(0.809647600243445,0.839316077149477),
 .PIECEWISE_BEZIER_KNOTS.);
#1013=B_SPLINE_CURVE_WITH_KNOTS('',3,(#2374,#2375,#2376,#2377),
 .UNSPECIFIED.,.F.,.F.,(4,4),(0.809647600243445,0.839316077149477),
 .PIECEWISE_BEZIER_KNOTS.);
#1014=B_SPLINE_CURVE_WITH_KNOTS('',3,(#2386,#2387,#2388,#2389),
 .UNSPECIFIED.,.F.,.F.,(4,4),(0.130079547099525,0.262247320598084),
 .PIECEWISE_BEZIER_KNOTS.);
#1015=B_SPLINE_CURVE_WITH_KNOTS('',3,(#2393,#2394,#2395,#2396),
 .UNSPECIFIED.,.F.,.F.,(4,4),(0.130079547099525,0.262247320598084),
 .PIECEWISE_BEZIER_KNOTS.);
#1016=B_SPLINE_CURVE_WITH_KNOTS('',3,(#2459,#2460,#2461,#2462,#2463,#2464,
#2465,#2466,#2467,#2468,#2469,#2470,#2471,#2472,#2473,#2474,#2475,#2476,
#2477,#2478,#2479,#2480),.UNSPECIFIED.,.F.,.F.,(4,1,1,1,1,1,1,1,1,1,1,1,
3,1,1,1,1,4),(0.327962643828398,0.391861663888734,0.443306560001205,0.508523223195212,
0.565948227112517,0.610701386507442,0.661602629146156,0.704141814693743,
0.777552925722118,0.842146519317052,0.859061572628602,0.924837758404047,
1.,1.08120609265283,1.13123020535648,1.16868573578093,1.21578357493584,
1.26308778891466),.UNSPECIFIED.);
#1017=B_SPLINE_CURVE_WITH_KNOTS('',3,(#2527,#2528,#2529,#2530,#2531,#2532,
#2533,#2534,#2535,#2536,#2537,#2538,#2539,#2540,#2541,#2542,#2543,#2544,
#2545,#2546,#2547,#2548),.UNSPECIFIED.,.T.,.F.,(1,3,1,1,1,1,1,1,1,1,1,1,
1,1,1,1,1,1,1,1,3,1),(-0.0323578966129784,0.,0.0716086029351846,0.124033197742604,
0.162319578308327,0.203289358287611,0.229415629413342,0.293831043767365,
0.340290858014868,0.399406378156801,0.456008291954081,0.503192348212223,
0.556242879032111,0.623639042075889,0.676908490453765,0.733376456683572,
0.803467629785236,0.85181763729458,0.920724491859415,0.967642103387022,
1.,1.07160860293518),.UNSPECIFIED.);
#1018=B_SPLINE_CURVE_WITH_KNOTS('',3,(#2550,#2551,#2552,#2553,#2554,#2555,
#2556,#2557,#2558,#2559,#2560,#2561,#2562,#2563,#2564,#2565,#2566,#2567,
#2568,#2569,#2570,#2571),.UNSPECIFIED.,.T.,.F.,(1,3,1,1,1,1,1,1,1,1,1,1,
1,1,1,1,1,1,1,1,3,1),(-0.0323578966129784,0.,0.0716086029351846,0.124033197742604,
0.162319578308327,0.203289358287611,0.229415629413342,0.293831043767365,
0.340290858014868,0.399406378156801,0.456008291954081,0.503192348212223,
0.556242879032111,0.623639042075889,0.676908490453765,0.733376456683572,
0.803467629785236,0.85181763729458,0.920724491859415,0.967642103387022,
1.,1.07160860293518),.UNSPECIFIED.);
#1019=B_SPLINE_CURVE_WITH_KNOTS('',3,(#2767,#2768,#2769,#2770,#2771,#2772,
#2773,#2774,#2775,#2776,#2777,#2778,#2779,#2780,#2781,#2782,#2783,#2784,
#2785,#2786,#2787,#2788,#2789,#2790,#2791,#2792,#2793,#2794,#2795,#2796,
#2797,#2798,#2799,#2800,#2801,#2802,#2803,#2804,#2805,#2806,#2807,#2808,
#2809,#2810,#2811,#2812,#2813,#2814,#2815,#2816,#2817,#2818,#2819,#2820,
#2821),.UNSPECIFIED.,.F.,.F.,(4,1,1,1,1,1,1,1,1,1,1,1,1,1,1,1,1,1,1,1,1,
1,1,1,1,1,1,1,1,1,1,1,1,1,1,1,1,1,1,1,1,1,1,1,1,1,1,1,1,1,1,1,4),(0.,0.0357070129039316,
0.0448720242336024,0.0589233072854573,0.0683622022395991,0.0839766064463399,
0.0936674206814092,0.122667820479041,0.149498452247056,0.177705737226846,
0.201469624389229,0.217365887715611,0.236807807187638,0.252559392519182,
0.274633297379147,0.301294360381635,0.32037625482431,0.334379605657682,
0.348285592978368,0.368143546120996,0.387594518638599,0.411521028228161,
0.429288676925501,0.449120738235602,0.468992249107786,0.489707637611364,
0.511030713726158,0.530603321602765,0.543335842244253,0.563631898074353,
0.585907998582083,0.601891371134253,0.62198939419655,0.638174118930029,
0.654146676971359,0.668794670897987,0.689696038052531,0.702342238087052,
0.720592975525074,0.732898615948124,0.75903372070605,0.781984639463922,
0.808869895079024,0.842754788617154,0.858506380305993,0.873333457315168,
0.887384738956687,0.902018673377399,0.915158500493467,0.928317720418376,
0.939216815891877,0.957860875410496,0.981873841778331),.UNSPECIFIED.);
#1020=B_SPLINE_CURVE_WITH_KNOTS('',3,(#2829,#2830,#2831,#2832,#2833,#2834,
#2835),.UNSPECIFIED.,.F.,.F.,(4,1,1,1,4),(0.,0.25,0.5,0.75,1.),
 .UNSPECIFIED.);
#1021=B_SPLINE_CURVE_WITH_KNOTS('',3,(#2837,#2838,#2839,#2840,#2841,#2842,
#2843),.UNSPECIFIED.,.F.,.F.,(4,1,1,1,4),(0.,0.25,0.5,0.75,1.),
 .UNSPECIFIED.);
#1022=B_SPLINE_CURVE_WITH_KNOTS('',3,(#2845,#2846,#2847,#2848,#2849,#2850,
#2851),.UNSPECIFIED.,.F.,.F.,(4,1,1,1,4),(0.,0.25,0.5,0.75,1.),
 .UNSPECIFIED.);
#1023=B_SPLINE_CURVE_WITH_KNOTS('',3,(#2853,#2854,#2855,#2856,#2857,#2858,
#2859),.UNSPECIFIED.,.F.,.F.,(4,1,1,1,4),(0.,0.25,0.5,0.75,1.),
 .UNSPECIFIED.);
#1024=B_SPLINE_CURVE_WITH_KNOTS('',3,(#2861,#2862,#2863,#2864),
 .UNSPECIFIED.,.F.,.F.,(4,4),(0.,1.),.UNSPECIFIED.);
#1025=B_SPLINE_CURVE_WITH_KNOTS('',3,(#2865,#2866,#2867,#2868),
 .UNSPECIFIED.,.F.,.F.,(4,4),(0.,1.),.UNSPECIFIED.);
#1026=B_SPLINE_CURVE_WITH_KNOTS('',3,(#2881,#2882,#2883,#2884),
 .UNSPECIFIED.,.F.,.F.,(4,4),(0.,1.),.UNSPECIFIED.);
#1027=B_SPLINE_CURVE_WITH_KNOTS('',3,(#2897,#2898,#2899,#2900),
 .UNSPECIFIED.,.F.,.F.,(4,4),(0.,1.),.UNSPECIFIED.);
#1028=B_SPLINE_CURVE_WITH_KNOTS('',3,(#2902,#2903,#2904,#2905),
 .UNSPECIFIED.,.F.,.F.,(4,4),(0.,1.),.UNSPECIFIED.);
#1029=B_SPLINE_CURVE_WITH_KNOTS('',3,(#2907,#2908,#2909,#2910),
 .UNSPECIFIED.,.F.,.F.,(4,4),(0.,1.),.UNSPECIFIED.);
#1030=B_SPLINE_CURVE_WITH_KNOTS('',3,(#2923,#2924,#2925,#2926),
 .UNSPECIFIED.,.F.,.F.,(4,4),(0.,1.),.UNSPECIFIED.);
#1031=B_SPLINE_CURVE_WITH_KNOTS('',3,(#2939,#2940,#2941,#2942),
 .UNSPECIFIED.,.F.,.F.,(4,4),(0.,1.),.UNSPECIFIED.);
#1032=EDGE_LOOP('',(#306,#307,#308,#309,#310,#311,#312,#313));
#1033=EDGE_LOOP('',(#314,#315));
#1034=EDGE_LOOP('',(#316,#317,#318,#319,#320,#321,#322,#323));
#1035=EDGE_LOOP('',(#324,#325,#326,#327));
#1036=EDGE_LOOP('',(#328,#329,#330,#331));
#1037=EDGE_LOOP('',(#332,#333,#334,#335));
#1038=EDGE_LOOP('',(#336,#337,#338,#339));
#1039=EDGE_LOOP('',(#340,#341,#342,#343));
#1040=EDGE_LOOP('',(#344,#345,#346,#347,#348,#349,#350,#351,#352,#353,#354,
#355));
#1041=EDGE_LOOP('',(#356,#357,#358,#359));
#1042=EDGE_LOOP('',(#360,#361,#362,#363));
#1043=EDGE_LOOP('',(#364,#365,#366,#367));
#1044=EDGE_LOOP('',(#368,#369,#370,#371));
#1045=EDGE_LOOP('',(#372,#373,#374,#375));
#1046=EDGE_LOOP('',(#376,#377,#378,#379));
#1047=EDGE_LOOP('',(#380,#381,#382,#383));
#1048=EDGE_LOOP('',(#384,#385,#386,#387));
#1049=EDGE_LOOP('',(#388,#389,#390,#391));
#1050=EDGE_LOOP('',(#392,#393,#394,#395));
#1051=EDGE_LOOP('',(#396,#397,#398,#399));
#1052=EDGE_LOOP('',(#400,#401,#402,#403));
#1053=EDGE_LOOP('',(#404,#405,#406,#407));
#1054=EDGE_LOOP('',(#408,#409,#410,#411));
#1055=EDGE_LOOP('',(#412,#413,#414,#415));
#1056=EDGE_LOOP('',(#416,#417,#418,#419));
#1057=EDGE_LOOP('',(#420,#421,#422,#423));
#1058=EDGE_LOOP('',(#424,#425,#426,#427));
#1059=EDGE_LOOP('',(#428,#429,#430,#431));
#1060=EDGE_LOOP('',(#432,#433,#434,#435));
#1061=EDGE_LOOP('',(#436,#437,#438,#439));
#1062=EDGE_LOOP('',(#440,#441,#442,#443));
#1063=EDGE_LOOP('',(#444,#445,#446,#447));
#1064=EDGE_LOOP('',(#448,#449,#450,#451));
#1065=EDGE_LOOP('',(#452,#453,#454,#455));
#1066=EDGE_LOOP('',(#456,#457,#458,#459));
#1067=EDGE_LOOP('',(#460,#461,#462,#463));
#1068=EDGE_LOOP('',(#464,#465,#466,#467));
#1069=EDGE_LOOP('',(#468,#469,#470,#471));
#1070=EDGE_LOOP('',(#472,#473,#474,#475,#476,#477,#478,#479,#480,#481,#482,
#483));
#1071=EDGE_LOOP('',(#484,#485,#486,#487,#488,#489,#490,#491,#492,#493,#494,
#495));
#1072=EDGE_LOOP('',(#496,#497,#498,#499,#500,#501,#502,#503,#504,#505,#506,
#507));
#1073=EDGE_LOOP('',(#508,#509,#510,#511));
#1074=EDGE_LOOP('',(#512,#513,#514,#515));
#1075=EDGE_LOOP('',(#516,#517,#518,#519));
#1076=EDGE_LOOP('',(#520,#521,#522,#523));
#1077=EDGE_LOOP('',(#524,#525,#526,#527));
#1078=EDGE_LOOP('',(#528,#529,#530,#531));
#1079=EDGE_LOOP('',(#532,#533,#534,#535));
#1080=EDGE_LOOP('',(#536,#537,#538,#539));
#1081=EDGE_LOOP('',(#540,#541,#542,#543));
#1082=EDGE_LOOP('',(#544,#545,#546,#547));
#1083=EDGE_LOOP('',(#548,#549,#550,#551));
#1084=EDGE_LOOP('',(#552,#553,#554,#555));
#1085=EDGE_LOOP('',(#556,#557,#558,#559));
#1086=EDGE_LOOP('',(#560,#561,#562,#563));
#1087=EDGE_LOOP('',(#564,#565,#566,#567));
#1088=EDGE_LOOP('',(#568,#569,#570,#571));
#1089=EDGE_LOOP('',(#572,#573,#574,#575));
#1090=EDGE_LOOP('',(#576,#577,#578,#579));
#1091=EDGE_LOOP('',(#580));
#1092=EDGE_LOOP('',(#581));
#1093=EDGE_LOOP('',(#582,#583,#584,#585));
#1094=EDGE_LOOP('',(#586,#587,#588,#589));
#1095=EDGE_LOOP('',(#590,#591));
#1096=EDGE_LOOP('',(#592));
#1097=EDGE_LOOP('',(#593,#594,#595,#596,#597,#598,#599,#600,#601,#602,#603,
#604,#605,#606,#607,#608,#609,#610));
#1098=EDGE_LOOP('',(#611,#612,#613,#614,#615,#616,#617,#618,#619,#620,#621,
#622,#623,#624,#625,#626,#627,#628));
#1099=EDGE_LOOP('',(#629));
#1100=EDGE_LOOP('',(#630,#631,#632,#633));
#1101=EDGE_LOOP('',(#634,#635,#636,#637));
#1102=EDGE_LOOP('',(#638,#639,#640,#641));
#1103=EDGE_LOOP('',(#642,#643,#644,#645));
#1104=EDGE_LOOP('',(#646,#647,#648,#649));
#1105=EDGE_LOOP('',(#650,#651,#652,#653));
#1106=EDGE_LOOP('',(#654,#655,#656,#657));
#1107=EDGE_LOOP('',(#658,#659,#660,#661));
#1108=EDGE_LOOP('',(#662,#663,#664,#665));
#1109=EDGE_LOOP('',(#666,#667,#668,#669));
#1110=EDGE_LOOP('',(#670,#671,#672,#673));
#1111=EDGE_LOOP('',(#674,#675,#676,#677));
#1112=FACE_BOUND('',#1032,.T.);
#1113=FACE_BOUND('',#1033,.T.);
#1114=FACE_BOUND('',#1034,.T.);
#1115=FACE_BOUND('',#1035,.T.);
#1116=FACE_BOUND('',#1036,.T.);
#1117=FACE_BOUND('',#1037,.T.);
#1118=FACE_BOUND('',#1038,.T.);
#1119=FACE_BOUND('',#1039,.T.);
#1120=FACE_BOUND('',#1040,.T.);
#1121=FACE_BOUND('',#1041,.T.);
#1122=FACE_BOUND('',#1042,.T.);
#1123=FACE_BOUND('',#1043,.T.);
#1124=FACE_BOUND('',#1044,.T.);
#1125=FACE_BOUND('',#1045,.T.);
#1126=FACE_BOUND('',#1046,.T.);
#1127=FACE_BOUND('',#1047,.T.);
#1128=FACE_BOUND('',#1048,.T.);
#1129=FACE_BOUND('',#1049,.T.);
#1130=FACE_BOUND('',#1050,.T.);
#1131=FACE_BOUND('',#1051,.T.);
#1132=FACE_BOUND('',#1052,.T.);
#1133=FACE_BOUND('',#1053,.T.);
#1134=FACE_BOUND('',#1054,.T.);
#1135=FACE_BOUND('',#1055,.T.);
#1136=FACE_BOUND('',#1056,.T.);
#1137=FACE_BOUND('',#1057,.T.);
#1138=FACE_BOUND('',#1058,.T.);
#1139=FACE_BOUND('',#1059,.T.);
#1140=FACE_BOUND('',#1060,.T.);
#1141=FACE_BOUND('',#1061,.T.);
#1142=FACE_BOUND('',#1062,.T.);
#1143=FACE_BOUND('',#1063,.T.);
#1144=FACE_BOUND('',#1064,.T.);
#1145=FACE_BOUND('',#1065,.T.);
#1146=FACE_BOUND('',#1066,.T.);
#1147=FACE_BOUND('',#1067,.T.);
#1148=FACE_BOUND('',#1068,.T.);
#1149=FACE_BOUND('',#1069,.T.);
#1150=FACE_BOUND('',#1070,.T.);
#1151=FACE_BOUND('',#1071,.T.);
#1152=FACE_BOUND('',#1072,.T.);
#1153=FACE_BOUND('',#1073,.T.);
#1154=FACE_BOUND('',#1074,.T.);
#1155=FACE_BOUND('',#1075,.T.);
#1156=FACE_BOUND('',#1076,.T.);
#1157=FACE_BOUND('',#1077,.T.);
#1158=FACE_BOUND('',#1078,.T.);
#1159=FACE_BOUND('',#1079,.T.);
#1160=FACE_BOUND('',#1080,.T.);
#1161=FACE_BOUND('',#1081,.T.);
#1162=FACE_BOUND('',#1082,.T.);
#1163=FACE_BOUND('',#1083,.T.);
#1164=FACE_BOUND('',#1084,.T.);
#1165=FACE_BOUND('',#1085,.T.);
#1166=FACE_BOUND('',#1086,.T.);
#1167=FACE_BOUND('',#1087,.T.);
#1168=FACE_BOUND('',#1088,.T.);
#1169=FACE_BOUND('',#1089,.T.);
#1170=FACE_BOUND('',#1090,.T.);
#1171=FACE_BOUND('',#1091,.T.);
#1172=FACE_BOUND('',#1092,.T.);
#1173=FACE_BOUND('',#1093,.T.);
#1174=FACE_BOUND('',#1094,.T.);
#1175=FACE_BOUND('',#1095,.T.);
#1176=FACE_BOUND('',#1096,.T.);
#1177=FACE_BOUND('',#1097,.T.);
#1178=FACE_BOUND('',#1098,.T.);
#1179=FACE_BOUND('',#1099,.T.);
#1180=FACE_BOUND('',#1100,.T.);
#1181=FACE_BOUND('',#1101,.T.);
#1182=FACE_BOUND('',#1102,.T.);
#1183=FACE_BOUND('',#1103,.T.);
#1184=FACE_BOUND('',#1104,.T.);
#1185=FACE_BOUND('',#1105,.T.);
#1186=FACE_BOUND('',#1106,.T.);
#1187=FACE_BOUND('',#1107,.T.);
#1188=FACE_BOUND('',#1108,.T.);
#1189=FACE_BOUND('',#1109,.T.);
#1190=FACE_BOUND('',#1110,.T.);
#1191=FACE_BOUND('',#1111,.T.);
#1192=PLANE('',#1323);
#1193=PLANE('',#1324);
#1194=PLANE('',#1329);
#1195=PLANE('',#1330);
#1196=PLANE('',#1331);
#1197=PLANE('',#1332);
#1198=PLANE('',#1333);
#1199=PLANE('',#1334);
#1200=PLANE('',#1335);
#1201=PLANE('',#1336);
#1202=PLANE('',#1337);
#1203=PLANE('',#1338);
#1204=PLANE('',#1339);
#1205=PLANE('',#1340);
#1206=PLANE('',#1341);
#1207=PLANE('',#1342);
#1208=PLANE('',#1343);
#1209=PLANE('',#1344);
#1210=PLANE('',#1345);
#1211=PLANE('',#1346);
#1212=PLANE('',#1347);
#1213=PLANE('',#1348);
#1214=PLANE('',#1349);
#1215=PLANE('',#1350);
#1216=PLANE('',#1351);
#1217=PLANE('',#1352);
#1218=PLANE('',#1353);
#1219=PLANE('',#1354);
#1220=PLANE('',#1355);
#1221=PLANE('',#1356);
#1222=PLANE('',#1357);
#1223=PLANE('',#1358);
#1224=PLANE('',#1359);
#1225=PLANE('',#1360);
#1226=PLANE('',#1361);
#1227=PLANE('',#1362);
#1228=PLANE('',#1363);
#1229=PLANE('',#1364);
#1230=PLANE('',#1380);
#1231=PLANE('',#1381);
#1232=PLANE('',#1382);
#1233=PLANE('',#1387);
#1234=PLANE('',#1388);
#1235=PLANE('',#1389);
#1236=PLANE('',#1390);
#1237=ADVANCED_FACE('',(#1112,#1113),#1192,.T.);
#1238=ADVANCED_FACE('',(#1114,#1115),#1193,.F.);
#1239=ADVANCED_FACE('',(#1116),#1194,.T.);
#1240=ADVANCED_FACE('',(#1117),#1195,.F.);
#1241=ADVANCED_FACE('',(#1118),#1196,.F.);
#1242=ADVANCED_FACE('',(#1119),#1197,.T.);
#1243=ADVANCED_FACE('',(#1120,#1121),#1198,.F.);
#1244=ADVANCED_FACE('',(#1122),#1199,.F.);
#1245=ADVANCED_FACE('',(#1123),#1200,.T.);
#1246=ADVANCED_FACE('',(#1124),#1201,.T.);
#1247=ADVANCED_FACE('',(#1125),#1202,.F.);
#1248=ADVANCED_FACE('',(#1126),#1203,.T.);
#1249=ADVANCED_FACE('',(#1127),#1204,.T.);
#1250=ADVANCED_FACE('',(#1128),#1205,.T.);
#1251=ADVANCED_FACE('',(#1129),#1206,.T.);
#1252=ADVANCED_FACE('',(#1130),#1207,.F.);
#1253=ADVANCED_FACE('',(#1131),#1208,.T.);
#1254=ADVANCED_FACE('',(#1132),#1209,.F.);
#1255=ADVANCED_FACE('',(#1133),#1210,.F.);
#1256=ADVANCED_FACE('',(#1134),#1211,.F.);
#1257=ADVANCED_FACE('',(#1135),#1212,.F.);
#1258=ADVANCED_FACE('',(#1136),#1213,.T.);
#1259=ADVANCED_FACE('',(#1137),#1214,.T.);
#1260=ADVANCED_FACE('',(#1138),#1215,.F.);
#1261=ADVANCED_FACE('',(#1139),#1216,.T.);
#1262=ADVANCED_FACE('',(#1140),#1217,.F.);
#1263=ADVANCED_FACE('',(#1141),#1218,.F.);
#1264=ADVANCED_FACE('',(#1142),#1219,.F.);
#1265=ADVANCED_FACE('',(#1143),#1220,.F.);
#1266=ADVANCED_FACE('',(#1144),#1221,.T.);
#1267=ADVANCED_FACE('',(#1145),#1222,.F.);
#1268=ADVANCED_FACE('',(#1146),#1223,.T.);
#1269=ADVANCED_FACE('',(#1147),#1224,.T.);
#1270=ADVANCED_FACE('',(#1148),#1225,.T.);
#1271=ADVANCED_FACE('',(#1149),#1226,.F.);
#1272=ADVANCED_FACE('',(#1150,#1151),#1227,.F.);
#1273=ADVANCED_FACE('',(#1152),#1228,.F.);
#1274=ADVANCED_FACE('',(#1153),#31,.T.);
#1275=ADVANCED_FACE('',(#1154),#32,.T.);
#1276=ADVANCED_FACE('',(#1155),#33,.T.);
#1277=ADVANCED_FACE('',(#1156),#1229,.T.);
#1278=ADVANCED_FACE('',(#1157),#34,.T.);
#1279=ADVANCED_FACE('',(#1158),#35,.T.);
#1280=ADVANCED_FACE('',(#1159),#36,.T.);
#1281=ADVANCED_FACE('',(#1160),#37,.T.);
#1282=ADVANCED_FACE('',(#1161),#22,.F.);
#1283=ADVANCED_FACE('',(#1162),#23,.F.);
#1284=ADVANCED_FACE('',(#1163),#38,.T.);
#1285=ADVANCED_FACE('',(#1164),#24,.T.);
#1286=ADVANCED_FACE('',(#1165),#39,.T.);
#1287=ADVANCED_FACE('',(#1166),#25,.T.);
#1288=ADVANCED_FACE('',(#1167),#40,.T.);
#1289=ADVANCED_FACE('',(#1168),#41,.T.);
#1290=ADVANCED_FACE('',(#1169),#42,.T.);
#1291=ADVANCED_FACE('',(#1170),#43,.F.);
#1292=ADVANCED_FACE('',(#1171,#1172),#44,.T.);
#1293=ADVANCED_FACE('',(#1173),#45,.F.);
#1294=ADVANCED_FACE('',(#1174),#26,.F.);
#1295=ADVANCED_FACE('',(#1175,#1176,#1177),#1230,.T.);
#1296=ADVANCED_FACE('',(#1178),#1231,.T.);
#1297=ADVANCED_FACE('',(#1179),#1232,.T.);
#1298=ADVANCED_FACE('',(#1180),#27,.T.);
#1299=ADVANCED_FACE('',(#1181),#28,.T.);
#1300=ADVANCED_FACE('',(#1182),#29,.T.);
#1301=ADVANCED_FACE('',(#1183),#30,.T.);
#1302=ADVANCED_FACE('',(#1184),#1233,.T.);
#1303=ADVANCED_FACE('',(#1185),#46,.T.);
#1304=ADVANCED_FACE('',(#1186),#47,.T.);
#1305=ADVANCED_FACE('',(#1187),#1234,.T.);
#1306=ADVANCED_FACE('',(#1188),#1235,.F.);
#1307=ADVANCED_FACE('',(#1189),#48,.T.);
#1308=ADVANCED_FACE('',(#1190),#49,.T.);
#1309=ADVANCED_FACE('',(#1191),#1236,.F.);
#1310=CLOSED_SHELL('',(#1237,#1238,#1239,#1240,#1241,#1242,#1243,#1244,
#1245,#1246,#1247,#1248,#1249,#1250,#1251,#1252,#1253,#1254,#1255,#1256,
#1257,#1258,#1259,#1260,#1261,#1262,#1263,#1264,#1265,#1266,#1267,#1268,
#1269,#1270,#1271,#1272,#1273,#1274,#1275,#1276,#1277,#1278,#1279,#1280,
#1281,#1282,#1283,#1284,#1285,#1286,#1287,#1288,#1289,#1290,#1291,#1292,
#1293,#1294,#1295,#1296,#1297,#1298,#1299,#1300,#1301,#1302,#1303,#1304,
#1305,#1306,#1307,#1308,#1309));
#1311=STYLED_ITEM('',(#1312),#1319);
#1312=PRESENTATION_STYLE_ASSIGNMENT((#1313));
#1313=SURFACE_STYLE_USAGE(.BOTH.,#1314);
#1314=SURFACE_SIDE_STYLE('',(#1315));
#1315=SURFACE_STYLE_FILL_AREA(#1316);
#1316=FILL_AREA_STYLE('',(#1317));
#1317=FILL_AREA_STYLE_COLOUR('',#1318);
#1318=COLOUR_RGB('',0.615686274509804,0.811764705882353,0.929411764705882);
#1319=MANIFOLD_SOLID_BREP('Part 1',#1310);
#1320=SHAPE_DEFINITION_REPRESENTATION(#2950,#1321);
#1321=SHAPE_REPRESENTATION('Part 1',(#1322),#2945);
#1322=AXIS2_PLACEMENT_3D('',#1655,#1391,#1392);
#1323=AXIS2_PLACEMENT_3D('',#1656,#1393,#1394);
#1324=AXIS2_PLACEMENT_3D('',#1768,#1399,#1400);
#1325=AXIS2_PLACEMENT_3D('',#1772,#1402,#1403);
#1326=AXIS2_PLACEMENT_3D('',#1776,#1405,#1406);
#1327=AXIS2_PLACEMENT_3D('',#1780,#1408,#1409);
#1328=AXIS2_PLACEMENT_3D('',#1784,#1411,#1412);
#1329=AXIS2_PLACEMENT_3D('',#1793,#1417,#1418);
#1330=AXIS2_PLACEMENT_3D('',#1799,#1422,#1423);
#1331=AXIS2_PLACEMENT_3D('',#1805,#1427,#1428);
#1332=AXIS2_PLACEMENT_3D('',#1811,#1432,#1433);
#1333=AXIS2_PLACEMENT_3D('',#1817,#1437,#1438);
#1334=AXIS2_PLACEMENT_3D('',#1850,#1455,#1456);
#1335=AXIS2_PLACEMENT_3D('',#1853,#1459,#1460);
#1336=AXIS2_PLACEMENT_3D('',#1856,#1463,#1464);
#1337=AXIS2_PLACEMENT_3D('',#1857,#1465,#1466);
#1338=AXIS2_PLACEMENT_3D('',#1858,#1467,#1468);
#1339=AXIS2_PLACEMENT_3D('',#1864,#1472,#1473);
#1340=AXIS2_PLACEMENT_3D('',#1868,#1476,#1477);
#1341=AXIS2_PLACEMENT_3D('',#1872,#1480,#1481);
#1342=AXIS2_PLACEMENT_3D('',#1876,#1484,#1485);
#1343=AXIS2_PLACEMENT_3D('',#1880,#1488,#1489);
#1344=AXIS2_PLACEMENT_3D('',#1884,#1492,#1493);
#1345=AXIS2_PLACEMENT_3D('',#1888,#1496,#1497);
#1346=AXIS2_PLACEMENT_3D('',#1892,#1500,#1501);
#1347=AXIS2_PLACEMENT_3D('',#1896,#1504,#1505);
#1348=AXIS2_PLACEMENT_3D('',#1900,#1508,#1509);
#1349=AXIS2_PLACEMENT_3D('',#1904,#1512,#1513);
#1350=AXIS2_PLACEMENT_3D('',#1913,#1518,#1519);
#1351=AXIS2_PLACEMENT_3D('',#1919,#1523,#1524);
#1352=AXIS2_PLACEMENT_3D('',#1925,#1528,#1529);
#1353=AXIS2_PLACEMENT_3D('',#1931,#1533,#1534);
#1354=AXIS2_PLACEMENT_3D('',#1937,#1538,#1539);
#1355=AXIS2_PLACEMENT_3D('',#1943,#1543,#1544);
#1356=AXIS2_PLACEMENT_3D('',#1949,#1548,#1549);
#1357=AXIS2_PLACEMENT_3D('',#1955,#1553,#1554);
#1358=AXIS2_PLACEMENT_3D('',#1961,#1558,#1559);
#1359=AXIS2_PLACEMENT_3D('',#1967,#1563,#1564);
#1360=AXIS2_PLACEMENT_3D('',#1973,#1568,#1569);
#1361=AXIS2_PLACEMENT_3D('',#1976,#1572,#1573);
#1362=AXIS2_PLACEMENT_3D('',#1978,#1575,#1576);
#1363=AXIS2_PLACEMENT_3D('',#1979,#1577,#1578);
#1364=AXIS2_PLACEMENT_3D('',#2182,#1583,#1584);
#1365=AXIS2_PLACEMENT_3D('',#2266,#1592,#1593);
#1366=AXIS2_PLACEMENT_3D('',#2267,#1594,#1595);
#1367=AXIS2_PLACEMENT_3D('',#2271,#1597,#1598);
#1368=AXIS2_PLACEMENT_3D('',#2272,#1599,#1600);
#1369=AXIS2_PLACEMENT_3D('',#2273,#1601,#1602);
#1370=AXIS2_PLACEMENT_3D('',#2277,#1604,#1605);
#1371=AXIS2_PLACEMENT_3D('',#2303,#1607,#1608);
#1372=AXIS2_PLACEMENT_3D('',#2304,#1609,#1610);
#1373=AXIS2_PLACEMENT_3D('',#2308,#1612,#1613);
#1374=AXIS2_PLACEMENT_3D('',#2332,#1615,#1616);
#1375=AXIS2_PLACEMENT_3D('',#2333,#1617,#1618);
#1376=AXIS2_PLACEMENT_3D('',#2337,#1620,#1621);
#1377=AXIS2_PLACEMENT_3D('',#2822,#1627,#1628);
#1378=AXIS2_PLACEMENT_3D('',#2823,#1629,#1630);
#1379=AXIS2_PLACEMENT_3D('',#2824,#1631,#1632);
#1380=AXIS2_PLACEMENT_3D('',#2825,#1633,#1634);
#1381=AXIS2_PLACEMENT_3D('',#2826,#1635,#1636);
#1382=AXIS2_PLACEMENT_3D('',#2827,#1637,#1638);
#1383=AXIS2_PLACEMENT_3D('',#2828,#1639,#1640);
#1384=AXIS2_PLACEMENT_3D('',#2836,#1641,#1642);
#1385=AXIS2_PLACEMENT_3D('',#2844,#1643,#1644);
#1386=AXIS2_PLACEMENT_3D('',#2852,#1645,#1646);
#1387=AXIS2_PLACEMENT_3D('',#2860,#1647,#1648);
#1388=AXIS2_PLACEMENT_3D('',#2901,#1649,#1650);
#1389=AXIS2_PLACEMENT_3D('',#2906,#1651,#1652);
#1390=AXIS2_PLACEMENT_3D('',#2943,#1653,#1654);
#1391=DIRECTION('',(0.,0.,1.));
#1392=DIRECTION('',(1.,0.,0.));
#1393=DIRECTION('',(0.,0.,1.));
#1394=DIRECTION('',(1.,0.,0.));
#1395=DIRECTION('',(-1.23908819712629E-16,1.,0.));
#1396=DIRECTION('',(-1.,-3.46944695195362E-16,0.));
#1397=DIRECTION('',(1.23908819712629E-16,-1.,0.));
#1398=DIRECTION('',(1.,3.46944695195362E-16,0.));
#1399=DIRECTION('',(0.,0.,1.));
#1400=DIRECTION('',(1.,0.,0.));
#1401=DIRECTION('',(-1.,-1.23908819712629E-16,0.));
#1402=DIRECTION('',(0.,0.,1.));
#1403=DIRECTION('',(-0.707106781186548,-0.707106781186548,0.));
#1404=DIRECTION('',(-3.46944695195362E-16,1.,0.));
#1405=DIRECTION('',(0.,0.,1.));
#1406=DIRECTION('',(0.707106781186548,-0.707106781186547,0.));
#1407=DIRECTION('',(-1.,-1.23908819712629E-16,0.));
#1408=DIRECTION('',(0.,0.,1.));
#1409=DIRECTION('',(0.707106781186548,0.707106781186548,0.));
#1410=DIRECTION('',(-3.46944695195362E-16,1.,0.));
#1411=DIRECTION('',(0.,0.,1.));
#1412=DIRECTION('',(-0.707106781186548,0.707106781186547,0.));
#1413=DIRECTION('',(-1.,-3.46944695195362E-16,0.));
#1414=DIRECTION('',(-1.23908819712629E-16,1.,0.));
#1415=DIRECTION('',(-1.,-3.46944695195362E-16,0.));
#1416=DIRECTION('',(-1.23908819712629E-16,1.,0.));
#1417=DIRECTION('',(0.98058067569092,1.21502594157874E-16,0.196116135138185));
#1418=DIRECTION('',(0.196116135138185,0.,-0.98058067569092));
#1419=DIRECTION('',(-0.192450089729875,-0.192450089729875,0.962250448649376));
#1420=DIRECTION('',(1.23908819712629E-16,-1.,-6.34320288591445E-33));
#1421=DIRECTION('',(-0.192450089729875,0.192450089729875,0.962250448649376));
#1422=DIRECTION('',(0.98058067569092,1.21502594157874E-16,-0.196116135138185));
#1423=DIRECTION('',(-0.196116135138185,0.,-0.98058067569092));
#1424=DIRECTION('',(0.192450089729875,0.192450089729875,0.962250448649376));
#1425=DIRECTION('',(-1.23908819712629E-16,1.,-4.94859634841246E-33));
#1426=DIRECTION('',(0.192450089729875,-0.192450089729875,0.962250448649376));
#1427=DIRECTION('',(-3.40207263642048E-16,0.98058067569092,-0.196116135138184));
#1428=DIRECTION('',(0.,0.196116135138184,0.98058067569092));
#1429=DIRECTION('',(-0.192450089729875,0.192450089729875,0.962250448649376));
#1430=DIRECTION('',(-1.,-3.46944695195362E-16,1.20775625528055E-32));
#1431=DIRECTION('',(0.192450089729875,0.192450089729875,0.962250448649376));
#1432=DIRECTION('',(-3.40207263642048E-16,0.98058067569092,0.196116135138184));
#1433=DIRECTION('',(0.,-0.196116135138184,0.98058067569092));
#1434=DIRECTION('',(0.192450089729875,-0.192450089729875,0.962250448649376));
#1435=DIRECTION('',(1.,3.46944695195362E-16,1.25424313986395E-32));
#1436=DIRECTION('',(-0.192450089729875,-0.192450089729875,0.962250448649376));
#1437=DIRECTION('',(0.,0.,1.));
#1438=DIRECTION('',(1.,0.,0.));
#1439=DIRECTION('',(-3.1540426835942E-16,1.,0.));
#1440=DIRECTION('',(1.,0.,0.));
#1441=DIRECTION('',(-3.1540426835942E-16,1.,0.));
#1442=DIRECTION('',(1.,1.4954512723938E-16,0.));
#1443=DIRECTION('',(0.,1.,0.));
#1444=DIRECTION('',(1.,0.,0.));
#1445=DIRECTION('',(-3.1540426835942E-16,1.,0.));
#1446=DIRECTION('',(1.,2.79794109028518E-16,0.));
#1447=DIRECTION('',(-3.1540426835942E-16,1.,0.));
#1448=DIRECTION('',(1.,0.,0.));
#1449=DIRECTION('',(0.,1.,0.));
#1450=DIRECTION('',(1.,1.4954512723938E-16,0.));
#1451=DIRECTION('',(-1.23908819712629E-16,1.,0.));
#1452=DIRECTION('',(-1.,-3.46944695195362E-16,0.));
#1453=DIRECTION('',(-1.23908819712629E-16,1.,0.));
#1454=DIRECTION('',(-1.,-3.46944695195362E-16,0.));
#1455=DIRECTION('',(0.98058067569092,1.21502594157874E-16,0.196116135138185));
#1456=DIRECTION('',(0.196116135138185,0.,-0.98058067569092));
#1457=DIRECTION('',(-0.192450089729875,0.192450089729875,0.962250448649376));
#1458=DIRECTION('',(-0.192450089729875,-0.192450089729875,0.962250448649376));
#1459=DIRECTION('',(0.98058067569092,1.21502594157874E-16,-0.196116135138185));
#1460=DIRECTION('',(-0.196116135138185,0.,-0.98058067569092));
#1461=DIRECTION('',(0.192450089729875,-0.192450089729875,0.962250448649376));
#1462=DIRECTION('',(0.192450089729875,0.192450089729875,0.962250448649376));
#1463=DIRECTION('',(-3.40207263642048E-16,0.98058067569092,-0.196116135138184));
#1464=DIRECTION('',(0.,0.196116135138184,0.98058067569092));
#1465=DIRECTION('',(-3.40207263642048E-16,0.98058067569092,0.196116135138184));
#1466=DIRECTION('',(0.,-0.196116135138184,0.98058067569092));
#1467=DIRECTION('',(0.,-1.,0.));
#1468=DIRECTION('',(0.,0.,-1.));
#1469=DIRECTION('',(0.,0.,-1.));
#1470=DIRECTION('',(-1.,0.,0.));
#1471=DIRECTION('',(0.,0.,-1.));
#1472=DIRECTION('',(1.,3.1540426835942E-16,0.));
#1473=DIRECTION('',(-3.1540426835942E-16,1.,0.));
#1474=DIRECTION('',(3.1540426835942E-16,-1.,0.));
#1475=DIRECTION('',(0.,0.,-1.));
#1476=DIRECTION('',(1.4954512723938E-16,-1.,0.));
#1477=DIRECTION('',(1.,1.4954512723938E-16,0.));
#1478=DIRECTION('',(-1.,-1.4954512723938E-16,0.));
#1479=DIRECTION('',(0.,0.,-1.));
#1480=DIRECTION('',(1.,0.,0.));
#1481=DIRECTION('',(0.,0.,-1.));
#1482=DIRECTION('',(0.,-1.,0.));
#1483=DIRECTION('',(0.,0.,-1.));
#1484=DIRECTION('',(0.,-1.,0.));
#1485=DIRECTION('',(0.,0.,-1.));
#1486=DIRECTION('',(0.,0.,-1.));
#1487=DIRECTION('',(-1.,0.,0.));
#1488=DIRECTION('',(1.,3.1540426835942E-16,0.));
#1489=DIRECTION('',(-3.1540426835942E-16,1.,0.));
#1490=DIRECTION('',(3.1540426835942E-16,-1.,0.));
#1491=DIRECTION('',(0.,0.,-1.));
#1492=DIRECTION('',(2.79794109028518E-16,-1.,0.));
#1493=DIRECTION('',(1.,2.79794109028518E-16,0.));
#1494=DIRECTION('',(0.,0.,-1.));
#1495=DIRECTION('',(-1.,-2.79794109028518E-16,0.));
#1496=DIRECTION('',(1.,3.1540426835942E-16,0.));
#1497=DIRECTION('',(-3.1540426835942E-16,1.,0.));
#1498=DIRECTION('',(0.,0.,-1.));
#1499=DIRECTION('',(3.1540426835942E-16,-1.,0.));
#1500=DIRECTION('',(0.,-1.,0.));
#1501=DIRECTION('',(0.,0.,-1.));
#1502=DIRECTION('',(0.,0.,-1.));
#1503=DIRECTION('',(-1.,0.,0.));
#1504=DIRECTION('',(1.,0.,0.));
#1505=DIRECTION('',(0.,0.,-1.));
#1506=DIRECTION('',(0.,0.,-1.));
#1507=DIRECTION('',(0.,-1.,0.));
#1508=DIRECTION('',(1.4954512723938E-16,-1.,0.));
#1509=DIRECTION('',(1.,1.4954512723938E-16,0.));
#1510=DIRECTION('',(-1.,-1.4954512723938E-16,0.));
#1511=DIRECTION('',(0.,0.,-1.));
#1512=DIRECTION('',(0.,-1.,0.));
#1513=DIRECTION('',(0.,0.,-1.));
#1514=DIRECTION('',(1.,0.,0.));
#1515=DIRECTION('',(0.,0.,-1.));
#1516=DIRECTION('',(-1.,0.,0.));
#1517=DIRECTION('',(0.,0.,-1.));
#1518=DIRECTION('',(1.,3.1540426835942E-16,0.));
#1519=DIRECTION('',(-3.1540426835942E-16,1.,0.));
#1520=DIRECTION('',(0.,0.,-1.));
#1521=DIRECTION('',(-3.1540426835942E-16,1.,0.));
#1522=DIRECTION('',(3.1540426835942E-16,-1.,0.));
#1523=DIRECTION('',(0.,-1.,0.));
#1524=DIRECTION('',(0.,0.,-1.));
#1525=DIRECTION('',(1.,0.,0.));
#1526=DIRECTION('',(-1.,0.,0.));
#1527=DIRECTION('',(0.,0.,-1.));
#1528=DIRECTION('',(1.,0.,0.));
#1529=DIRECTION('',(0.,0.,-1.));
#1530=DIRECTION('',(0.,0.,-1.));
#1531=DIRECTION('',(0.,1.,0.));
#1532=DIRECTION('',(0.,-1.,0.));
#1533=DIRECTION('',(0.,-1.,0.));
#1534=DIRECTION('',(0.,0.,-1.));
#1535=DIRECTION('',(0.,0.,-1.));
#1536=DIRECTION('',(1.,0.,0.));
#1537=DIRECTION('',(-1.,0.,0.));
#1538=DIRECTION('',(1.,3.1540426835942E-16,0.));
#1539=DIRECTION('',(-3.1540426835942E-16,1.,0.));
#1540=DIRECTION('',(0.,0.,-1.));
#1541=DIRECTION('',(-3.1540426835942E-16,1.,0.));
#1542=DIRECTION('',(3.1540426835942E-16,-1.,0.));
#1543=DIRECTION('',(0.,-1.,0.));
#1544=DIRECTION('',(0.,0.,-1.));
#1545=DIRECTION('',(0.,0.,-1.));
#1546=DIRECTION('',(1.,0.,0.));
#1547=DIRECTION('',(-1.,0.,0.));
#1548=DIRECTION('',(1.,3.1540426835942E-16,0.));
#1549=DIRECTION('',(-3.1540426835942E-16,1.,0.));
#1550=DIRECTION('',(-3.1540426835942E-16,1.,0.));
#1551=DIRECTION('',(3.1540426835942E-16,-1.,0.));
#1552=DIRECTION('',(0.,0.,-1.));
#1553=DIRECTION('',(0.,-1.,0.));
#1554=DIRECTION('',(0.,0.,-1.));
#1555=DIRECTION('',(0.,0.,-1.));
#1556=DIRECTION('',(1.,0.,0.));
#1557=DIRECTION('',(-1.,0.,0.));
#1558=DIRECTION('',(1.,0.,0.));
#1559=DIRECTION('',(0.,0.,-1.));
#1560=DIRECTION('',(0.,1.,0.));
#1561=DIRECTION('',(0.,-1.,0.));
#1562=DIRECTION('',(0.,0.,-1.));
#1563=DIRECTION('',(0.,-1.,0.));
#1564=DIRECTION('',(0.,0.,-1.));
#1565=DIRECTION('',(1.,0.,0.));
#1566=DIRECTION('',(-1.,0.,0.));
#1567=DIRECTION('',(0.,0.,-1.));
#1568=DIRECTION('',(1.,3.1540426835942E-16,0.));
#1569=DIRECTION('',(-3.1540426835942E-16,1.,0.));
#1570=DIRECTION('',(-3.1540426835942E-16,1.,0.));
#1571=DIRECTION('',(3.1540426835942E-16,-1.,0.));
#1572=DIRECTION('',(1.,3.1540426835942E-16,0.));
#1573=DIRECTION('',(-3.1540426835942E-16,1.,0.));
#1574=DIRECTION('',(3.1540426835942E-16,-1.,0.));
#1575=DIRECTION('',(0.,0.,1.));
#1576=DIRECTION('',(1.,0.,0.));
#1577=DIRECTION('',(0.,0.,1.));
#1578=DIRECTION('',(1.,0.,0.));
#1579=DIRECTION('',(0.,0.,-1.));
#1580=DIRECTION('',(0.,0.,-1.));
#1581=DIRECTION('',(0.,0.,-1.));
#1582=DIRECTION('',(0.,0.,-1.));
#1583=DIRECTION('',(0.999977672881054,-0.00668234535116053,1.0716149767333E-28));
#1584=DIRECTION('',(-0.00668234535116053,-0.999977672881054,-1.36740677517745E-35));
#1585=DIRECTION('',(-0.00668234535116053,-0.999977672881054,0.));
#1586=DIRECTION('',(0.,0.,-1.));
#1587=DIRECTION('',(-0.00668234535116053,-0.999977672881054,-1.36740677517745E-35));
#1588=DIRECTION('',(0.,0.,-1.));
#1589=DIRECTION('',(0.,0.,-1.));
#1590=DIRECTION('',(0.,0.,-1.));
#1591=DIRECTION('',(0.,0.,-1.));
#1592=DIRECTION('',(0.,0.,-1.));
#1593=DIRECTION('',(-0.0062843531858702,0.999980253257551,0.));
#1594=DIRECTION('',(0.,0.,-1.));
#1595=DIRECTION('',(-1.,0.,0.));
#1596=DIRECTION('',(0.,0.,-1.));
#1597=DIRECTION('',(0.,0.,-1.));
#1598=DIRECTION('',(-1.,0.,0.));
#1599=DIRECTION('',(0.,0.,-1.));
#1600=DIRECTION('',(-0.00450226544989474,0.999989864751548,0.));
#1601=DIRECTION('',(0.,0.,-1.));
#1602=DIRECTION('',(-1.,0.,0.));
#1603=DIRECTION('',(0.,0.,-1.));
#1604=DIRECTION('',(0.,0.,-1.));
#1605=DIRECTION('',(-1.,0.,0.));
#1606=DIRECTION('',(0.,0.,-1.));
#1607=DIRECTION('',(0.,0.,-1.));
#1608=DIRECTION('',(0.520867184415317,-0.853637731241573,0.));
#1609=DIRECTION('',(1.53531573800984E-13,-2.5156439933922E-13,-1.));
#1610=DIRECTION('',(0.566767613649428,-0.823877704588571,2.94079592064077E-13));
#1611=DIRECTION('',(0.,0.,-1.));
#1612=DIRECTION('',(3.70883411734224E-13,-6.07699513448238E-13,-1.));
#1613=DIRECTION('',(0.566767613649428,-0.823877704588571,7.10692347488185E-13));
#1614=DIRECTION('',(0.,0.,-1.));
#1615=DIRECTION('',(0.,0.,-1.));
#1616=DIRECTION('',(0.998095016066737,0.0616955338962225,0.));
#1617=DIRECTION('',(0.,0.,-1.));
#1618=DIRECTION('',(-1.,0.,0.));
#1619=DIRECTION('',(0.,0.,-1.));
#1620=DIRECTION('',(0.,0.,-1.));
#1621=DIRECTION('',(-1.,0.,0.));
#1622=DIRECTION('',(0.,0.,-1.));
#1623=DIRECTION('',(0.,0.,-1.));
#1624=DIRECTION('',(0.,0.,-1.));
#1625=DIRECTION('',(0.,0.,-1.));
#1626=DIRECTION('',(0.,0.,-1.));
#1627=DIRECTION('',(0.,0.,-1.));
#1628=DIRECTION('',(-0.886120296968025,-0.463455304534643,0.));
#1629=DIRECTION('',(0.,0.,-1.));
#1630=DIRECTION('',(-1.,0.,0.));
#1631=DIRECTION('',(0.,0.,-1.));
#1632=DIRECTION('',(-1.,0.,0.));
#1633=DIRECTION('',(0.,0.,1.));
#1634=DIRECTION('',(1.,0.,0.));
#1635=DIRECTION('',(0.,0.,1.));
#1636=DIRECTION('',(1.,0.,0.));
#1637=DIRECTION('',(0.,0.,1.));
#1638=DIRECTION('',(1.,0.,0.));
#1639=DIRECTION('',(-0.192450089729875,-0.192450089729875,0.962250448649376));
#1640=DIRECTION('',(0.98058067569092,0.,0.196116135138184));
#1641=DIRECTION('',(0.192450089729875,-0.192450089729875,-0.962250448649376));
#1642=DIRECTION('',(-0.98058067569092,0.,-0.196116135138185));
#1643=DIRECTION('',(0.192450089729875,0.192450089729875,0.962250448649376));
#1644=DIRECTION('',(0.98058067569092,0.,-0.196116135138184));
#1645=DIRECTION('',(-0.192450089729875,0.192450089729875,-0.962250448649376));
#1646=DIRECTION('',(-0.98058067569092,0.,0.196116135138185));
#1647=DIRECTION('',(-0.633988905605536,-7.85568170044834E-17,0.773342141337904));
#1648=DIRECTION('',(1.23908819712629E-16,-1.,0.));
#1649=DIRECTION('',(2.19959087612554E-16,-0.633988905605537,0.773342141337903));
#1650=DIRECTION('',(1.,3.46944695195362E-16,0.));
#1651=DIRECTION('',(2.19959087612554E-16,-0.633988905605537,-0.773342141337903));
#1652=DIRECTION('',(-1.,-3.46944695195362E-16,0.));
#1653=DIRECTION('',(-0.633988905605535,-7.85568170044833E-17,-0.773342141337904));
#1654=DIRECTION('',(-1.23908819712629E-16,1.,0.));
#1655=CARTESIAN_POINT('',(0.,0.,0.));
#1656=CARTESIAN_POINT('',(0.,0.,0.01));
#1657=CARTESIAN_POINT('',(0.0511563160404963,-0.0075,0.01));
#1658=CARTESIAN_POINT('',(0.0517774348159036,-0.00750234545628201,0.01));
#1659=CARTESIAN_POINT('',(0.0529979581826041,-0.0069975787675736,0.01));
#1660=CARTESIAN_POINT('',(0.0535023483326225,-0.00577819652230526,0.01));
#1661=CARTESIAN_POINT('',(0.0535,-0.00515631604049631,0.01));
#1662=CARTESIAN_POINT('',(0.0511563160404963,-0.0075,0.01));
#1663=CARTESIAN_POINT('',(0.0535,-0.00515631604049631,0.01));
#1664=CARTESIAN_POINT('',(0.0535,6.62912185462566E-18,0.01));
#1665=CARTESIAN_POINT('',(0.0535,0.00515631604049639,0.01));
#1666=CARTESIAN_POINT('',(0.0535,0.00515631604049639,0.01));
#1667=CARTESIAN_POINT('',(0.053502345456282,0.00577743481589599,0.01));
#1668=CARTESIAN_POINT('',(0.0529975787675709,0.00699795818260811,0.01));
#1669=CARTESIAN_POINT('',(0.0517781965223106,0.0075023483326226,0.01));
#1670=CARTESIAN_POINT('',(0.0511563160404963,0.0075,0.01));
#1671=CARTESIAN_POINT('',(0.0511563160404963,0.0075,0.01));
#1672=CARTESIAN_POINT('',(-2.60208521396521E-18,0.0075,0.01));
#1673=CARTESIAN_POINT('',(-0.0511563160404963,0.0075,0.01));
#1674=CARTESIAN_POINT('',(-0.0511563160404963,0.0075,0.01));
#1675=CARTESIAN_POINT('',(-0.0517774348159038,0.00750234545628205,0.01));
#1676=CARTESIAN_POINT('',(-0.0529979581826042,0.0069975787675734,0.01));
#1677=CARTESIAN_POINT('',(-0.0535023483326225,0.00577819652230573,0.01));
#1678=CARTESIAN_POINT('',(-0.0535,0.00515631604049632,0.01));
#1679=CARTESIAN_POINT('',(-0.0535,0.00515631604049632,0.01));
#1680=CARTESIAN_POINT('',(-0.0535,-0.00505825797292724,0.01));
#1681=CARTESIAN_POINT('',(-0.0535,-0.00515631604049633,0.01));
#1682=CARTESIAN_POINT('',(-0.0535,-0.00515631604049633,0.01));
#1683=CARTESIAN_POINT('',(-0.0535023454562821,-0.00577743481593562,0.01));
#1684=CARTESIAN_POINT('',(-0.0529975787675709,-0.0069979581825882,0.01));
#1685=CARTESIAN_POINT('',(-0.0517781965223106,-0.00750234833262253,0.01));
#1686=CARTESIAN_POINT('',(-0.0511563160404963,-0.0075,0.01));
#1687=CARTESIAN_POINT('',(-0.0511563160404963,-0.0075,0.01));
#1688=CARTESIAN_POINT('',(0.0510582579729272,-0.0075,0.01));
#1689=CARTESIAN_POINT('',(0.000612547737546266,0.00354562629945576,0.01));
#1690=CARTESIAN_POINT('',(-2.17171667407424E-5,0.00362695621120528,0.01));
#1691=CARTESIAN_POINT('',(-0.00189154995743563,0.00368944977517874,0.01));
#1692=CARTESIAN_POINT('',(-0.00208449793836117,0.00339660266731158,0.01));
#1693=CARTESIAN_POINT('',(-0.00215115232971584,0.00388647147739705,0.01));
#1694=CARTESIAN_POINT('',(-0.00239228571749904,0.00403043171539717,0.01));
#1695=CARTESIAN_POINT('',(-0.0025916889194223,0.0034895105572672,0.01));
#1696=CARTESIAN_POINT('',(-0.00269576719609554,0.00333223301228104,0.01));
#1697=CARTESIAN_POINT('',(-0.00447612739657477,0.00314310803530383,0.01));
#1698=CARTESIAN_POINT('',(-0.0055639421819103,0.00181398645606675,0.01));
#1699=CARTESIAN_POINT('',(-0.00441864869393423,0.000434900690562082,0.01));
#1700=CARTESIAN_POINT('',(-0.00328462085831856,-0.000112115516542045,0.01));
#1701=CARTESIAN_POINT('',(-0.00365804281504967,-0.000827355692052938,0.01));
#1702=CARTESIAN_POINT('',(-0.00268883802047487,-0.00106847025797502,0.01));
#1703=CARTESIAN_POINT('',(-0.00228211829439102,-0.000709246073268984,0.01));
#1704=CARTESIAN_POINT('',(-0.00130251434065956,-0.00116710824012626,0.01));
#1705=CARTESIAN_POINT('',(-0.000159253018585091,-0.00158576861899683,0.01));
#1706=CARTESIAN_POINT('',(0.000969001555905089,-0.00141667107296883,0.01));
#1707=CARTESIAN_POINT('',(0.000373085162757505,-0.00189353915677531,0.01));
#1708=CARTESIAN_POINT('',(0.000868518413980932,-0.00232209589825316,0.01));
#1709=CARTESIAN_POINT('',(-0.000140478492280468,-0.00265960244030557,0.01));
#1710=CARTESIAN_POINT('',(-0.000405322123267731,-0.00329736127736205,0.01));
#1711=CARTESIAN_POINT('',(-0.000463660366747912,-0.0046398670648599,0.01));
#1712=CARTESIAN_POINT('',(0.00032853902585912,-0.00468690378101343,0.01));
#1713=CARTESIAN_POINT('',(0.00103907711455886,-0.0049701839094671,0.01));
#1714=CARTESIAN_POINT('',(0.00190838128656031,-0.00470533934302112,0.01));
#1715=CARTESIAN_POINT('',(0.00214469094003061,-0.00383764681731907,0.01));
#1716=CARTESIAN_POINT('',(0.00217412948983843,-0.00286510204479242,0.01));
#1717=CARTESIAN_POINT('',(0.00137180776174532,-0.00249336692598973,0.01));
#1718=CARTESIAN_POINT('',(0.00104644864746543,-0.00243966958614214,0.01));
#1719=CARTESIAN_POINT('',(0.000905995646178756,-0.0010871149709504,0.01));
#1720=CARTESIAN_POINT('',(0.002127029811577,-0.00197493027702422,0.01));
#1721=CARTESIAN_POINT('',(0.00255111084254637,-0.00155922133518372,0.01));
#1722=CARTESIAN_POINT('',(0.00336950919404287,-0.00202875991728374,0.01));
#1723=CARTESIAN_POINT('',(0.00352284251578436,-0.0025265255537017,0.01));
#1724=CARTESIAN_POINT('',(0.00382150662564302,-0.00290055312235812,0.01));
#1725=CARTESIAN_POINT('',(0.00437581755421584,-0.00330314516450183,0.01));
#1726=CARTESIAN_POINT('',(0.00450713469150766,-0.00218514059931697,0.01));
#1727=CARTESIAN_POINT('',(0.00472412736007712,-0.00201772615129354,0.01));
#1728=CARTESIAN_POINT('',(0.00538902696560097,-0.00172474702988126,0.01));
#1729=CARTESIAN_POINT('',(0.00564600593933006,-0.00170760186710314,0.01));
#1730=CARTESIAN_POINT('',(0.00697630280842095,-0.00113657028196942,0.01));
#1731=CARTESIAN_POINT('',(0.00759943634458462,-0.000243420811603556,0.01));
#1732=CARTESIAN_POINT('',(0.00724091010230152,0.00139698349334625,0.01));
#1733=CARTESIAN_POINT('',(0.00476278982572341,0.00207038522322055,0.01));
#1734=CARTESIAN_POINT('',(0.00488509814358044,0.00272087485610825,0.01));
#1735=CARTESIAN_POINT('',(0.00469749229102493,0.00318195832953218,0.01));
#1736=CARTESIAN_POINT('',(0.00428270649080333,0.00326452511517401,0.01));
#1737=CARTESIAN_POINT('',(0.00387202181792677,0.00330472784907314,0.01));
#1738=CARTESIAN_POINT('',(0.00351830931928763,0.00336155507888852,0.01));
#1739=CARTESIAN_POINT('',(0.0032355291157412,0.00311815895200725,0.01));
#1740=CARTESIAN_POINT('',(0.00301948106867743,0.00297163877592087,0.01));
#1741=CARTESIAN_POINT('',(0.00232302737046683,0.00308879630294891,0.01));
#1742=CARTESIAN_POINT('',(0.0015149903245195,0.00329977713737174,0.01));
#1743=CARTESIAN_POINT('',(0.00124233192764223,0.00338818016462028,0.01));
#1744=CARTESIAN_POINT('',(0.000612547737546266,0.00354562629945576,0.01));
#1745=CARTESIAN_POINT('',(0.00124233192764223,0.00338818016462028,0.01));
#1746=CARTESIAN_POINT('',(0.00124233192764223,0.00338818016462028,0.01));
#1747=CARTESIAN_POINT('',(0.00135696991952226,0.00349463765007134,0.01));
#1748=CARTESIAN_POINT('',(0.00110790540656067,0.00409672230464153,0.01));
#1749=CARTESIAN_POINT('',(0.00154085583412191,0.00430591942928223,0.01));
#1750=CARTESIAN_POINT('',(0.0021359250632428,0.00463539808293612,0.01));
#1751=CARTESIAN_POINT('',(0.00219282863877449,0.00519396777202306,0.01));
#1752=CARTESIAN_POINT('',(0.00219682776733335,0.00549321718132311,0.01));
#1753=CARTESIAN_POINT('',(0.00213669071345252,0.00589124634958213,0.01));
#1754=CARTESIAN_POINT('',(0.00212319947763603,0.00626609622401729,0.01));
#1755=CARTESIAN_POINT('',(0.00128627503758428,0.00627622152466678,0.01));
#1756=CARTESIAN_POINT('',(0.000555958550186779,0.00653232047985141,0.01));
#1757=CARTESIAN_POINT('',(0.000671168238639049,0.00637395164141137,0.01));
#1758=CARTESIAN_POINT('',(-0.000136035482844278,0.00624322582999489,0.01));
#1759=CARTESIAN_POINT('',(-0.000452543073750142,0.00572043825945288,0.01));
#1760=CARTESIAN_POINT('',(-0.000437092530773952,0.00540873780846596,0.01));
#1761=CARTESIAN_POINT('',(-0.000420399598287908,0.00507197329525677,0.01));
#1762=CARTESIAN_POINT('',(-4.58752139327416E-5,0.00446569854186695,0.01));
#1763=CARTESIAN_POINT('',(0.000290808459947632,0.00425256046392104,0.01));
#1764=CARTESIAN_POINT('',(0.000597061851790321,0.00428808351494867,0.01));
#1765=CARTESIAN_POINT('',(0.000568959364750129,0.00386477618966206,0.01));
#1766=CARTESIAN_POINT('',(0.000512932857584121,0.00364736915379135,0.01));
#1767=CARTESIAN_POINT('',(0.000612547737546265,0.00354562629945576,0.01));
#1768=CARTESIAN_POINT('',(0.,0.,0.));
#1769=CARTESIAN_POINT('',(0.,0.01,0.));
#1770=CARTESIAN_POINT('',(0.0530582579729272,0.01,0.));
#1771=CARTESIAN_POINT('',(-0.0530582579729273,0.01,0.));
#1772=CARTESIAN_POINT('',(0.0529405882918443,0.00694058829184438,0.));
#1773=CARTESIAN_POINT('',(0.056,0.00705825797292729,0.));
#1774=CARTESIAN_POINT('',(0.056,6.93889390390723E-18,0.));
#1775=CARTESIAN_POINT('',(0.056,-0.00705825797292721,0.));
#1776=CARTESIAN_POINT('',(0.0529405882918443,-0.0069405882918443,0.));
#1777=CARTESIAN_POINT('',(0.0530582579729272,-0.01,0.));
#1778=CARTESIAN_POINT('',(6.93889390390723E-18,-0.01,0.));
#1779=CARTESIAN_POINT('',(-0.0530582579729272,-0.01,0.));
#1780=CARTESIAN_POINT('',(-0.0529405882918443,-0.00694058829184432,0.));
#1781=CARTESIAN_POINT('',(-0.056,-0.00705825797292724,0.));
#1782=CARTESIAN_POINT('',(-0.056,-6.93889390390723E-18,0.));
#1783=CARTESIAN_POINT('',(-0.056,0.00705825797292724,0.));
#1784=CARTESIAN_POINT('',(-0.0529405882918443,0.00694058829184433,0.));
#1785=CARTESIAN_POINT('',(3.11563139776588E-18,-0.00898019609728144,0.));
#1786=CARTESIAN_POINT('',(0.0549801960972814,-0.00898019609728142,0.));
#1787=CARTESIAN_POINT('',(-0.0549801960972814,-0.00898019609728146,0.));
#1788=CARTESIAN_POINT('',(0.0549801960972814,6.81253120598304E-18,0.));
#1789=CARTESIAN_POINT('',(0.0549801960972814,0.00898019609728148,0.));
#1790=CARTESIAN_POINT('',(-3.11563139776589E-18,0.00898019609728146,0.));
#1791=CARTESIAN_POINT('',(-0.0549801960972814,0.00898019609728144,0.));
#1792=CARTESIAN_POINT('',(-0.0549801960972814,-6.81253120598304E-18,0.));
#1793=CARTESIAN_POINT('',(0.055,-0.11,0.005));
#1794=CARTESIAN_POINT('',(0.0507015460010027,0.00175980397392998,0.0264922699949866));
#1795=CARTESIAN_POINT('',(0.0540980580675691,0.00515631604049637,0.0095097096621546));
#1796=CARTESIAN_POINT('',(0.0540980580675691,-0.11,0.00950970966215454));
#1797=CARTESIAN_POINT('',(0.0540980580675691,-0.00515631604049631,0.00950970966215454));
#1798=CARTESIAN_POINT('',(0.0561089534084101,-0.00716721138133732,-0.000544767042050512));
#1799=CARTESIAN_POINT('',(-0.055,-0.11,0.005));
#1800=CARTESIAN_POINT('',(-0.0588496941491509,-0.00990795212207808,-0.0142484707457542));
#1801=CARTESIAN_POINT('',(-0.0540980580675691,-0.00515631604049632,0.00950970966215455));
#1802=CARTESIAN_POINT('',(-0.0540980580675691,0.00505825797292724,0.00950970966215454));
#1803=CARTESIAN_POINT('',(-0.0540980580675691,0.00515631604049633,0.00950970966215454));
#1804=CARTESIAN_POINT('',(-0.0561089534084101,0.00716721138133734,-0.000544767042050504));
#1805=CARTESIAN_POINT('',(0.064,-0.009,0.005));
#1806=CARTESIAN_POINT('',(0.0511672113813373,-0.00810895340841008,0.00945523295794949));
#1807=CARTESIAN_POINT('',(0.0511563160404963,-0.00809805806756907,0.00950970966215454));
#1808=CARTESIAN_POINT('',(-0.0510582579729272,-0.0080980580675691,0.00950970966215454));
#1809=CARTESIAN_POINT('',(-0.0511563160404963,-0.0080980580675691,0.00950970966215454));
#1810=CARTESIAN_POINT('',(-0.0477598039739299,-0.0047015460010027,0.0264922699949866));
#1811=CARTESIAN_POINT('',(0.064,0.009,0.005));
#1812=CARTESIAN_POINT('',(-0.0511672113813374,0.0081089534084101,0.00945523295794949));
#1813=CARTESIAN_POINT('',(-0.0511563160404963,0.00809805806756909,0.00950970966215454));
#1814=CARTESIAN_POINT('',(0.064,0.00809805806756913,0.00950970966215454));
#1815=CARTESIAN_POINT('',(0.0511563160404963,0.00809805806756913,0.00950970966215454));
#1816=CARTESIAN_POINT('',(0.0525005447146707,0.00944228674174347,0.00278856629128281));
#1817=CARTESIAN_POINT('',(0.,0.,0.009));
#1818=CARTESIAN_POINT('',(-0.00155,-4.888766159571E-19,0.009));
#1819=CARTESIAN_POINT('',(-0.00155,-0.003,0.009));
#1820=CARTESIAN_POINT('',(-0.00155,-0.001625,0.009));
#1821=CARTESIAN_POINT('',(0.,-0.003,0.009));
#1822=CARTESIAN_POINT('',(0.00155,-0.003,0.009));
#1823=CARTESIAN_POINT('',(0.00155,4.888766159571E-19,0.009));
#1824=CARTESIAN_POINT('',(0.00155,-0.001625,0.009));
#1825=CARTESIAN_POINT('',(2.43010831763992E-19,-0.001625,0.009));
#1826=CARTESIAN_POINT('',(0.003,-0.001625,0.009));
#1827=CARTESIAN_POINT('',(0.003,0.,0.009));
#1828=CARTESIAN_POINT('',(0.003,0.001625,0.009));
#1829=CARTESIAN_POINT('',(0.,0.001625,0.009));
#1830=CARTESIAN_POINT('',(0.00155,0.001625,0.009));
#1831=CARTESIAN_POINT('',(0.00155,4.888766159571E-19,0.009));
#1832=CARTESIAN_POINT('',(0.00155,0.003,0.009));
#1833=CARTESIAN_POINT('',(-8.39382327085552E-19,0.003,0.009));
#1834=CARTESIAN_POINT('',(-0.00155,0.003,0.009));
#1835=CARTESIAN_POINT('',(-0.00155,-4.88876615957101E-19,0.009));
#1836=CARTESIAN_POINT('',(-0.00155,0.001625,0.009));
#1837=CARTESIAN_POINT('',(0.,0.001625,0.009));
#1838=CARTESIAN_POINT('',(-0.003,0.001625,0.009));
#1839=CARTESIAN_POINT('',(-0.003,0.,0.009));
#1840=CARTESIAN_POINT('',(-0.003,-0.001625,0.009));
#1841=CARTESIAN_POINT('',(2.43010831763992E-19,-0.001625,0.009));
#1842=CARTESIAN_POINT('',(0.0531801960972814,6.58949533050031E-18,0.009));
#1843=CARTESIAN_POINT('',(0.0531801960972814,-0.00718019609728142,0.009));
#1844=CARTESIAN_POINT('',(0.0531801960972814,0.00718019609728148,0.009));
#1845=CARTESIAN_POINT('',(2.49113094641423E-18,-0.00718019609728144,0.009));
#1846=CARTESIAN_POINT('',(-0.0531801960972814,-0.00718019609728145,0.009));
#1847=CARTESIAN_POINT('',(-0.0531801960972814,-6.58949533050031E-18,0.009));
#1848=CARTESIAN_POINT('',(-0.0531801960972814,0.00718019609728144,0.009));
#1849=CARTESIAN_POINT('',(-2.49113094641424E-18,0.00718019609728146,0.009));
#1850=CARTESIAN_POINT('',(0.0540194193243091,-0.11,0.00480388386486182));
#1851=CARTESIAN_POINT('',(0.0577964778678532,-0.0117964778678531,-0.0140814088528587));
#1852=CARTESIAN_POINT('',(0.049648329719705,0.00364832971970508,0.0266593318878821));
#1853=CARTESIAN_POINT('',(-0.0540194193243091,-0.11,0.00480388386486182));
#1854=CARTESIAN_POINT('',(-0.049648329719705,0.00364832971970504,0.026659331887882));
#1855=CARTESIAN_POINT('',(-0.0577964778678532,-0.0117964778678532,-0.0140814088528587));
#1856=CARTESIAN_POINT('',(0.064,-0.00801941932430905,0.00480388386486182));
#1857=CARTESIAN_POINT('',(0.064,0.00801941932430912,0.00480388386486182));
#1858=CARTESIAN_POINT('',(4.33680868994202E-19,-0.003,0.01));
#1859=CARTESIAN_POINT('',(-0.00155,-0.003,0.01));
#1860=CARTESIAN_POINT('',(-0.00155,-0.003,0.));
#1861=CARTESIAN_POINT('',(4.33680868994202E-19,-0.003,0.));
#1862=CARTESIAN_POINT('',(0.00155,-0.003,0.));
#1863=CARTESIAN_POINT('',(0.00155,-0.003,0.01));
#1864=CARTESIAN_POINT('',(0.00155,-0.0023125,0.01));
#1865=CARTESIAN_POINT('',(0.00155,-0.0023125,0.));
#1866=CARTESIAN_POINT('',(0.00155,-0.001625,0.));
#1867=CARTESIAN_POINT('',(0.00155,-0.001625,0.01));
#1868=CARTESIAN_POINT('',(0.002275,-0.001625,0.01));
#1869=CARTESIAN_POINT('',(0.002275,-0.001625,0.));
#1870=CARTESIAN_POINT('',(0.003,-0.001625,0.));
#1871=CARTESIAN_POINT('',(0.003,-0.001625,0.01));
#1872=CARTESIAN_POINT('',(0.003,0.,0.01));
#1873=CARTESIAN_POINT('',(0.003,0.,0.));
#1874=CARTESIAN_POINT('',(0.003,0.001625,0.));
#1875=CARTESIAN_POINT('',(0.003,0.001625,0.01));
#1876=CARTESIAN_POINT('',(0.002275,0.001625,0.01));
#1877=CARTESIAN_POINT('',(0.00155,0.001625,0.01));
#1878=CARTESIAN_POINT('',(0.00155,0.001625,0.));
#1879=CARTESIAN_POINT('',(0.002275,0.001625,0.));
#1880=CARTESIAN_POINT('',(0.00155,0.0023125,0.01));
#1881=CARTESIAN_POINT('',(0.00155,0.0023125,0.));
#1882=CARTESIAN_POINT('',(0.00155,0.003,0.));
#1883=CARTESIAN_POINT('',(0.00155,0.003,0.01));
#1884=CARTESIAN_POINT('',(-1.3010426069826E-18,0.003,0.01));
#1885=CARTESIAN_POINT('',(-0.00155,0.003,0.01));
#1886=CARTESIAN_POINT('',(-0.00155,0.003,0.));
#1887=CARTESIAN_POINT('',(-1.3010426069826E-18,0.003,0.));
#1888=CARTESIAN_POINT('',(-0.00155,0.0023125,0.01));
#1889=CARTESIAN_POINT('',(-0.00155,0.001625,0.01));
#1890=CARTESIAN_POINT('',(-0.00155,0.001625,0.));
#1891=CARTESIAN_POINT('',(-0.00155,0.0023125,0.));
#1892=CARTESIAN_POINT('',(-0.002275,0.001625,0.01));
#1893=CARTESIAN_POINT('',(-0.003,0.001625,0.01));
#1894=CARTESIAN_POINT('',(-0.003,0.001625,0.));
#1895=CARTESIAN_POINT('',(-0.002275,0.001625,0.));
#1896=CARTESIAN_POINT('',(-0.003,-4.33680868994202E-19,0.01));
#1897=CARTESIAN_POINT('',(-0.003,-0.001625,0.01));
#1898=CARTESIAN_POINT('',(-0.003,-0.001625,0.));
#1899=CARTESIAN_POINT('',(-0.003,-4.33680868994202E-19,0.));
#1900=CARTESIAN_POINT('',(-0.002275,-0.001625,0.01));
#1901=CARTESIAN_POINT('',(-0.002275,-0.001625,0.));
#1902=CARTESIAN_POINT('',(-0.00155,-0.001625,0.));
#1903=CARTESIAN_POINT('',(-0.00155,-0.001625,0.01));
#1904=CARTESIAN_POINT('',(-1.0842021724855E-18,0.002,0.01));
#1905=CARTESIAN_POINT('',(0.,0.002,0.009));
#1906=CARTESIAN_POINT('',(-0.00055,0.002,0.009));
#1907=CARTESIAN_POINT('',(0.00055,0.002,0.009));
#1908=CARTESIAN_POINT('',(-0.00055,0.002,0.01));
#1909=CARTESIAN_POINT('',(-0.00055,0.002,0.));
#1910=CARTESIAN_POINT('',(-1.0842021724855E-18,0.002,0.));
#1911=CARTESIAN_POINT('',(0.00055,0.002,0.));
#1912=CARTESIAN_POINT('',(0.00055,0.002,0.01));
#1913=CARTESIAN_POINT('',(0.00055,0.0013125,0.01));
#1914=CARTESIAN_POINT('',(0.00055,0.000625,0.01));
#1915=CARTESIAN_POINT('',(0.00055,0.000625,0.009));
#1916=CARTESIAN_POINT('',(0.00055,0.000625,0.));
#1917=CARTESIAN_POINT('',(0.00055,1.73472347597681E-19,0.009));
#1918=CARTESIAN_POINT('',(0.00055,0.0013125,0.));
#1919=CARTESIAN_POINT('',(0.001275,0.000625,0.01));
#1920=CARTESIAN_POINT('',(0.,0.000625,0.009));
#1921=CARTESIAN_POINT('',(0.002,0.000625,0.009));
#1922=CARTESIAN_POINT('',(0.001275,0.000625,0.));
#1923=CARTESIAN_POINT('',(0.002,0.000625,0.));
#1924=CARTESIAN_POINT('',(0.002,0.000625,0.01));
#1925=CARTESIAN_POINT('',(0.002,0.,0.01));
#1926=CARTESIAN_POINT('',(0.002,-0.000625,0.01));
#1927=CARTESIAN_POINT('',(0.002,-0.000625,0.009));
#1928=CARTESIAN_POINT('',(0.002,-0.000625,0.));
#1929=CARTESIAN_POINT('',(0.002,0.,0.009));
#1930=CARTESIAN_POINT('',(0.002,0.,0.));
#1931=CARTESIAN_POINT('',(0.001275,-0.000625,0.01));
#1932=CARTESIAN_POINT('',(0.00055,-0.000625,0.01));
#1933=CARTESIAN_POINT('',(0.00055,-0.000625,0.009));
#1934=CARTESIAN_POINT('',(0.00055,-0.000625,0.));
#1935=CARTESIAN_POINT('',(0.,-0.000625,0.009));
#1936=CARTESIAN_POINT('',(0.001275,-0.000625,0.));
#1937=CARTESIAN_POINT('',(0.00055,-0.0013125,0.01));
#1938=CARTESIAN_POINT('',(0.00055,-0.002,0.01));
#1939=CARTESIAN_POINT('',(0.00055,-0.002,0.009));
#1940=CARTESIAN_POINT('',(0.00055,-0.002,0.));
#1941=CARTESIAN_POINT('',(0.00055,1.73472347597681E-19,0.009));
#1942=CARTESIAN_POINT('',(0.00055,-0.0013125,0.));
#1943=CARTESIAN_POINT('',(2.16840434497101E-19,-0.002,0.01));
#1944=CARTESIAN_POINT('',(-0.00055,-0.002,0.01));
#1945=CARTESIAN_POINT('',(-0.00055,-0.002,0.009));
#1946=CARTESIAN_POINT('',(-0.00055,-0.002,0.));
#1947=CARTESIAN_POINT('',(0.,-0.002,0.009));
#1948=CARTESIAN_POINT('',(2.16840434497101E-19,-0.002,0.));
#1949=CARTESIAN_POINT('',(-0.00055,-0.0013125,0.01));
#1950=CARTESIAN_POINT('',(-0.00055,-1.73472347597681E-19,0.009));
#1951=CARTESIAN_POINT('',(-0.00055,-0.000625,0.009));
#1952=CARTESIAN_POINT('',(-0.00055,-0.0013125,0.));
#1953=CARTESIAN_POINT('',(-0.00055,-0.000625,0.));
#1954=CARTESIAN_POINT('',(-0.00055,-0.000625,0.01));
#1955=CARTESIAN_POINT('',(-0.001275,-0.000625,0.01));
#1956=CARTESIAN_POINT('',(-0.002,-0.000625,0.01));
#1957=CARTESIAN_POINT('',(-0.002,-0.000625,0.009));
#1958=CARTESIAN_POINT('',(-0.002,-0.000625,0.));
#1959=CARTESIAN_POINT('',(0.,-0.000625,0.009));
#1960=CARTESIAN_POINT('',(-0.001275,-0.000625,0.));
#1961=CARTESIAN_POINT('',(-0.002,0.,0.01));
#1962=CARTESIAN_POINT('',(-0.002,0.,0.009));
#1963=CARTESIAN_POINT('',(-0.002,0.000625,0.009));
#1964=CARTESIAN_POINT('',(-0.002,0.,0.));
#1965=CARTESIAN_POINT('',(-0.002,0.000625,0.));
#1966=CARTESIAN_POINT('',(-0.002,0.000625,0.01));
#1967=CARTESIAN_POINT('',(-0.001275,0.000625,0.01));
#1968=CARTESIAN_POINT('',(0.,0.000625,0.009));
#1969=CARTESIAN_POINT('',(-0.00055,0.000625,0.009));
#1970=CARTESIAN_POINT('',(-0.001275,0.000625,0.));
#1971=CARTESIAN_POINT('',(-0.00055,0.000625,0.));
#1972=CARTESIAN_POINT('',(-0.00055,0.000625,0.01));
#1973=CARTESIAN_POINT('',(-0.00055,0.0013125,0.01));
#1974=CARTESIAN_POINT('',(-0.00055,-1.73472347597681E-19,0.009));
#1975=CARTESIAN_POINT('',(-0.00055,0.0013125,0.));
#1976=CARTESIAN_POINT('',(-0.00155,-0.0023125,0.01));
#1977=CARTESIAN_POINT('',(-0.00155,-0.0023125,0.));
#1978=CARTESIAN_POINT('',(0.,0.,0.));
#1979=CARTESIAN_POINT('',(0.,0.,0.009));
#1980=CARTESIAN_POINT('',(0.00101128945384545,0.0024789131519467,0.0105));
#1981=CARTESIAN_POINT('',(0.00101128945384545,0.0024789131519467,0.01));
#1982=CARTESIAN_POINT('',(0.000975789310790371,0.0022918932641899,0.0105));
#1983=CARTESIAN_POINT('',(0.000975789310790371,0.0022918932641899,0.01));
#1984=CARTESIAN_POINT('',(0.000962889759963785,0.00212055278274046,0.0105));
#1985=CARTESIAN_POINT('',(0.000962889759963785,0.00212055278274046,0.01));
#1986=CARTESIAN_POINT('',(0.000995120755533811,0.00198052210798422,0.0105));
#1987=CARTESIAN_POINT('',(0.000995120755533811,0.00198052210798422,0.01));
#1988=CARTESIAN_POINT('',(0.00101128945384545,0.0024789131519467,0.01));
#1989=CARTESIAN_POINT('',(0.000975789310790371,0.0022918932641899,0.01));
#1990=CARTESIAN_POINT('',(0.000962889759963785,0.00212055278274046,0.01));
#1991=CARTESIAN_POINT('',(0.000995120755533811,0.00198052210798422,0.01));
#1992=CARTESIAN_POINT('',(0.00101128945409394,0.0024789131532558,0.01));
#1993=CARTESIAN_POINT('',(0.000995120787489293,0.00198052192884308,0.01));
#1994=CARTESIAN_POINT('',(0.00101128945409394,0.0024789131532558,0.0105));
#1995=CARTESIAN_POINT('',(0.00101128945409394,0.0024789131532558,0.0105));
#1996=CARTESIAN_POINT('',(0.00101128945384545,0.0024789131519467,0.0105));
#1997=CARTESIAN_POINT('',(0.000975789310790371,0.0022918932641899,0.0105));
#1998=CARTESIAN_POINT('',(0.000962889759963785,0.00212055278274046,0.0105));
#1999=CARTESIAN_POINT('',(0.000995120755533811,0.00198052210798422,0.0105));
#2000=CARTESIAN_POINT('',(0.000995120787489293,0.00198052192884308,0.0105));
#2001=CARTESIAN_POINT('',(0.000995120787489293,0.00198052192884308,0.0105));
#2002=CARTESIAN_POINT('',(0.00116360886022449,0.00307328766211868,0.0105));
#2003=CARTESIAN_POINT('',(0.00116360886022449,0.00307328766211868,0.01));
#2004=CARTESIAN_POINT('',(0.00102367103244633,0.00302239697638205,0.0105));
#2005=CARTESIAN_POINT('',(0.00102367103244633,0.00302239697638205,0.01));
#2006=CARTESIAN_POINT('',(0.00103187880362857,0.00274449921389629,0.0105));
#2007=CARTESIAN_POINT('',(0.00103187880362857,0.00274449921389629,0.01));
#2008=CARTESIAN_POINT('',(0.00101128945409394,0.0024789131532558,0.0105));
#2009=CARTESIAN_POINT('',(0.00101128945409394,0.0024789131532558,0.01));
#2010=CARTESIAN_POINT('',(0.00116360886022449,0.00307328766211868,0.01));
#2011=CARTESIAN_POINT('',(0.00102367103244633,0.00302239697638205,0.01));
#2012=CARTESIAN_POINT('',(0.00103187880362857,0.0027444992138963,0.01));
#2013=CARTESIAN_POINT('',(0.00101128945409394,0.0024789131532558,0.01));
#2014=CARTESIAN_POINT('',(0.00116360886022449,0.00307328766211868,0.01));
#2015=CARTESIAN_POINT('',(0.00116360886022449,0.00307328766211868,0.0105));
#2016=CARTESIAN_POINT('',(0.00116360886022449,0.00307328766211868,0.0105));
#2017=CARTESIAN_POINT('',(0.00116360886022449,0.00307328766211868,0.0105));
#2018=CARTESIAN_POINT('',(0.00102367103244633,0.00302239697638205,0.0105));
#2019=CARTESIAN_POINT('',(0.00103187880362857,0.0027444992138963,0.0105));
#2020=CARTESIAN_POINT('',(0.00101128945409394,0.0024789131532558,0.0105));
#2021=CARTESIAN_POINT('',(0.00111251195912019,-0.000347447239574794,0.0105));
#2022=CARTESIAN_POINT('',(0.00111251195912019,-0.000347447239574794,0.01));
#2023=CARTESIAN_POINT('',(0.00111021656518208,-0.000525234780366749,0.0105));
#2024=CARTESIAN_POINT('',(0.00111021656518208,-0.000525234780366749,0.01));
#2025=CARTESIAN_POINT('',(0.00101913691437285,-0.000867492119942132,0.0105));
#2026=CARTESIAN_POINT('',(0.00101913691437285,-0.000867492119942132,0.01));
#2027=CARTESIAN_POINT('',(0.0011070307315831,-0.00114854638489706,0.0105));
#2028=CARTESIAN_POINT('',(0.0011070307315831,-0.00114854638489706,0.01));
#2029=CARTESIAN_POINT('',(0.00143155795678789,-0.00123011085331846,0.0105));
#2030=CARTESIAN_POINT('',(0.00143155795678789,-0.00123011085331846,0.01));
#2031=CARTESIAN_POINT('',(0.00203443899091636,-0.00117154304054287,0.0105));
#2032=CARTESIAN_POINT('',(0.00203443899091636,-0.00117154304054287,0.01));
#2033=CARTESIAN_POINT('',(0.00250103416707501,-0.00132089374674589,0.0105));
#2034=CARTESIAN_POINT('',(0.00250103416707501,-0.00132089374674589,0.01));
#2035=CARTESIAN_POINT('',(0.00296292612427474,-0.00113775751828184,0.0105));
#2036=CARTESIAN_POINT('',(0.00296292612427474,-0.00113775751828184,0.01));
#2037=CARTESIAN_POINT('',(0.00324810562516198,-0.000859259250360243,0.0105));
#2038=CARTESIAN_POINT('',(0.00324810562516198,-0.000859259250360243,0.01));
#2039=CARTESIAN_POINT('',(0.00343497335045168,-0.00067460146801725,0.0105));
#2040=CARTESIAN_POINT('',(0.00343497335045168,-0.00067460146801725,0.01));
#2041=CARTESIAN_POINT('',(0.00360737004417359,-0.000560581751853562,0.0105));
#2042=CARTESIAN_POINT('',(0.00360737004417359,-0.000560581751853562,0.01));
#2043=CARTESIAN_POINT('',(0.00376744965510293,-0.000434062582200141,0.0105));
#2044=CARTESIAN_POINT('',(0.00376744965510293,-0.000434062582200141,0.01));
#2045=CARTESIAN_POINT('',(0.0038341714906858,-0.000210012702031294,0.0105));
#2046=CARTESIAN_POINT('',(0.0038341714906858,-0.000210012702031294,0.01));
#2047=CARTESIAN_POINT('',(0.00385391892479989,1.4229980156003E-5,0.0105));
#2048=CARTESIAN_POINT('',(0.00385391892479989,1.4229980156003E-5,0.01));
#2049=CARTESIAN_POINT('',(0.00396150898260875,3.61426430363569E-6,0.0105));
#2050=CARTESIAN_POINT('',(0.00396150898260875,3.61426430363569E-6,0.01));
#2051=CARTESIAN_POINT('',(0.00413915627499608,-0.000204125500127238,0.0105));
#2052=CARTESIAN_POINT('',(0.00413915627499608,-0.000204125500127238,0.01));
#2053=CARTESIAN_POINT('',(0.0043488130795943,-0.000531283679451378,0.0105));
#2054=CARTESIAN_POINT('',(0.0043488130795943,-0.000531283679451378,0.01));
#2055=CARTESIAN_POINT('',(0.00450517420457508,-0.000833081129073745,0.0105));
#2056=CARTESIAN_POINT('',(0.00450517420457508,-0.000833081129073745,0.01));
#2057=CARTESIAN_POINT('',(0.00483467920353174,-0.000935549020549816,0.0105));
#2058=CARTESIAN_POINT('',(0.00483467920353174,-0.000935549020549816,0.01));
#2059=CARTESIAN_POINT('',(0.005213603659983,-0.00116889395333866,0.0105));
#2060=CARTESIAN_POINT('',(0.005213603659983,-0.00116889395333866,0.01));
#2061=CARTESIAN_POINT('',(0.00570076424437592,-0.000983294515846055,0.0105));
#2062=CARTESIAN_POINT('',(0.00570076424437592,-0.000983294515846055,0.01));
#2063=CARTESIAN_POINT('',(0.00634964233380923,-0.000731968951046809,0.0105));
#2064=CARTESIAN_POINT('',(0.00634964233380923,-0.000731968951046809,0.01));
#2065=CARTESIAN_POINT('',(0.00691896334037165,-0.000443589210988351,0.0105));
#2066=CARTESIAN_POINT('',(0.00691896334037165,-0.000443589210988351,0.01));
#2067=CARTESIAN_POINT('',(0.00687559701226637,0.000161342737118063,0.0105));
#2068=CARTESIAN_POINT('',(0.00687559701226637,0.000161342737118063,0.01));
#2069=CARTESIAN_POINT('',(0.00652600053234568,0.000607868455529311,0.0105));
#2070=CARTESIAN_POINT('',(0.00652600053234568,0.000607868455529311,0.01));
#2071=CARTESIAN_POINT('',(0.00605321980146524,0.000886016283120646,0.0105));
#2072=CARTESIAN_POINT('',(0.00605321980146524,0.000886016283120646,0.01));
#2073=CARTESIAN_POINT('',(0.0054962663064036,0.00136002778673816,0.0105));
#2074=CARTESIAN_POINT('',(0.0054962663064036,0.00136002778673816,0.01));
#2075=CARTESIAN_POINT('',(0.00504473204357273,0.00172836279800768,0.0105));
#2076=CARTESIAN_POINT('',(0.00504473204357273,0.00172836279800768,0.01));
#2077=CARTESIAN_POINT('',(0.00468780309640222,0.00169337046972651,0.0105));
#2078=CARTESIAN_POINT('',(0.00468780309640222,0.00169337046972651,0.01));
#2079=CARTESIAN_POINT('',(0.00421128868720363,0.00125239838508505,0.0105));
#2080=CARTESIAN_POINT('',(0.00421128868720363,0.00125239838508505,0.01));
#2081=CARTESIAN_POINT('',(0.00379275570678946,0.00129622550983238,0.0105));
#2082=CARTESIAN_POINT('',(0.00379275570678946,0.00129622550983238,0.01));
#2083=CARTESIAN_POINT('',(0.00357662683329131,0.00136315840764955,0.0105));
#2084=CARTESIAN_POINT('',(0.00357662683329131,0.00136315840764955,0.01));
#2085=CARTESIAN_POINT('',(0.00346792849285367,0.00143004226757771,0.0105));
#2086=CARTESIAN_POINT('',(0.00346792849285367,0.00143004226757771,0.01));
#2087=CARTESIAN_POINT('',(0.00333041979278672,0.00163669215261966,0.0105));
#2088=CARTESIAN_POINT('',(0.00333041979278672,0.00163669215261966,0.01));
#2089=CARTESIAN_POINT('',(0.00320249144618628,0.00190908178639237,0.0105));
#2090=CARTESIAN_POINT('',(0.00320249144618628,0.00190908178639237,0.01));
#2091=CARTESIAN_POINT('',(0.00313885767651097,0.00215007858579567,0.0105));
#2092=CARTESIAN_POINT('',(0.00313885767651097,0.00215007858579567,0.01));
#2093=CARTESIAN_POINT('',(0.00316942383047054,0.0022892801012481,0.0105));
#2094=CARTESIAN_POINT('',(0.00316942383047054,0.0022892801012481,0.01));
#2095=CARTESIAN_POINT('',(0.00315101446974786,0.00243899310547533,0.0105));
#2096=CARTESIAN_POINT('',(0.00315101446974786,0.00243899310547533,0.01));
#2097=CARTESIAN_POINT('',(0.00302581742454762,0.00260763926756417,0.0105));
#2098=CARTESIAN_POINT('',(0.00302581742454762,0.00260763926756417,0.01));
#2099=CARTESIAN_POINT('',(0.00279076502225309,0.00269644236561863,0.0105));
#2100=CARTESIAN_POINT('',(0.00279076502225309,0.00269644236561863,0.01));
#2101=CARTESIAN_POINT('',(0.0024782720011063,0.00269570858716317,0.0105));
#2102=CARTESIAN_POINT('',(0.0024782720011063,0.00269570858716317,0.01));
#2103=CARTESIAN_POINT('',(0.00217417189293654,0.00267223862772904,0.0105));
#2104=CARTESIAN_POINT('',(0.00217417189293654,0.00267223862772904,0.01));
#2105=CARTESIAN_POINT('',(0.00197787091951467,0.00268503289390806,0.0105));
#2106=CARTESIAN_POINT('',(0.00197787091951467,0.00268503289390806,0.01));
#2107=CARTESIAN_POINT('',(0.00186414478200986,0.00276093712003115,0.0105));
#2108=CARTESIAN_POINT('',(0.00186414478200986,0.00276093712003115,0.01));
#2109=CARTESIAN_POINT('',(0.00157886799999484,0.00296132920950195,0.0105));
#2110=CARTESIAN_POINT('',(0.00157886799999484,0.00296132920950195,0.01));
#2111=CARTESIAN_POINT('',(0.00127338841479851,0.00311321079727688,0.0105));
#2112=CARTESIAN_POINT('',(0.00127338841479851,0.00311321079727688,0.01));
#2113=CARTESIAN_POINT('',(0.00116360886022449,0.00307328766211868,0.0105));
#2114=CARTESIAN_POINT('',(0.00116360886022449,0.00307328766211868,0.01));
#2115=CARTESIAN_POINT('',(0.00111251195912019,-0.000347447239574794,0.01));
#2116=CARTESIAN_POINT('',(0.00111248978795121,-0.000349164486250085,0.01));
#2117=CARTESIAN_POINT('',(0.00111246254972981,-0.000350886281856115,0.01));
#2118=CARTESIAN_POINT('',(0.00111243007244934,-0.000352612596414042,0.01));
#2119=CARTESIAN_POINT('',(0.00110770272606428,-0.00060389246860951,0.01));
#2120=CARTESIAN_POINT('',(0.000870754641892876,-0.00131440445427219,0.01));
#2121=CARTESIAN_POINT('',(0.00197610089667637,-0.00113342050479642,0.01));
#2122=CARTESIAN_POINT('',(0.00259468155865287,-0.0013615445534251,0.01));
#2123=CARTESIAN_POINT('',(0.00315289456930846,-0.000982275112875822,0.01));
#2124=CARTESIAN_POINT('',(0.00344480804218096,-0.000635644892151372,0.01));
#2125=CARTESIAN_POINT('',(0.00385433938270725,-0.000433729355324064,0.01));
#2126=CARTESIAN_POINT('',(0.00382268163264674,0.000202860894541586,0.01));
#2127=CARTESIAN_POINT('',(0.00428330250361821,-0.000383113428620306,0.01));
#2128=CARTESIAN_POINT('',(0.00447685708487685,-0.000816867653773626,0.01));
#2129=CARTESIAN_POINT('',(0.00482071205752086,-0.000927164663534171,0.01));
#2130=CARTESIAN_POINT('',(0.0052532207332654,-0.00120720955330122,0.01));
#2131=CARTESIAN_POINT('',(0.00597327857571604,-0.000840227645212941,0.01));
#2132=CARTESIAN_POINT('',(0.00704403737267491,-0.000502838172611784,0.01));
#2133=CARTESIAN_POINT('',(0.00675552117705869,0.000480850065247572,0.01));
#2134=CARTESIAN_POINT('',(0.00606353281885043,0.000847737160164093,0.01));
#2135=CARTESIAN_POINT('',(0.00524552028939478,0.00160142354101022,0.01));
#2136=CARTESIAN_POINT('',(0.00476883614364273,0.00179671933599098,0.01));
#2137=CARTESIAN_POINT('',(0.00419764174497834,0.00119668008059331,0.01));
#2138=CARTESIAN_POINT('',(0.00364731680581202,0.00133726244752506,0.01));
#2139=CARTESIAN_POINT('',(0.00342242743148483,0.00142646936462629,0.01));
#2140=CARTESIAN_POINT('',(0.00309211799356891,0.00210866770459826,0.01));
#2141=CARTESIAN_POINT('',(0.00320988676472731,0.00236082027458259,0.01));
#2142=CARTESIAN_POINT('',(0.00293216753514892,0.00278394726183355,0.01));
#2143=CARTESIAN_POINT('',(0.00203852130707222,0.0026212673252445,0.01));
#2144=CARTESIAN_POINT('',(0.00183635602581869,0.00279270259693996,0.01));
#2145=CARTESIAN_POINT('',(0.0013111713279448,0.00312695117319719,0.01));
#2146=CARTESIAN_POINT('',(0.00116360886022449,0.00307328766211868,0.01));
#2147=CARTESIAN_POINT('',(0.00111251195912019,-0.000347447239574794,0.01));
#2148=CARTESIAN_POINT('',(0.00111251195912019,-0.000347447239574794,0.0105));
#2149=CARTESIAN_POINT('',(0.00111251195912019,-0.000347447239574794,0.0105));
#2150=CARTESIAN_POINT('',(0.00111251195912019,-0.000347447239574794,0.0105));
#2151=CARTESIAN_POINT('',(0.00111248978795121,-0.000349164486250085,0.0105));
#2152=CARTESIAN_POINT('',(0.00111246254972981,-0.000350886281856115,0.0105));
#2153=CARTESIAN_POINT('',(0.00111243007244934,-0.000352612596414042,0.0105));
#2154=CARTESIAN_POINT('',(0.00110770272606428,-0.00060389246860951,0.0105));
#2155=CARTESIAN_POINT('',(0.000870754641892876,-0.00131440445427219,0.0105));
#2156=CARTESIAN_POINT('',(0.00197610089667637,-0.00113342050479642,0.0105));
#2157=CARTESIAN_POINT('',(0.00259468155865287,-0.0013615445534251,0.0105));
#2158=CARTESIAN_POINT('',(0.00315289456930846,-0.000982275112875822,0.0105));
#2159=CARTESIAN_POINT('',(0.00344480804218096,-0.000635644892151372,0.0105));
#2160=CARTESIAN_POINT('',(0.00385433938270725,-0.000433729355324064,0.0105));
#2161=CARTESIAN_POINT('',(0.00382268163264674,0.000202860894541586,0.0105));
#2162=CARTESIAN_POINT('',(0.00428330250361821,-0.000383113428620306,0.0105));
#2163=CARTESIAN_POINT('',(0.00447685708487685,-0.000816867653773626,0.0105));
#2164=CARTESIAN_POINT('',(0.00482071205752086,-0.000927164663534171,0.0105));
#2165=CARTESIAN_POINT('',(0.0052532207332654,-0.00120720955330122,0.0105));
#2166=CARTESIAN_POINT('',(0.00597327857571604,-0.000840227645212941,0.0105));
#2167=CARTESIAN_POINT('',(0.00704403737267491,-0.000502838172611784,0.0105));
#2168=CARTESIAN_POINT('',(0.00675552117705869,0.000480850065247572,0.0105));
#2169=CARTESIAN_POINT('',(0.00606353281885043,0.000847737160164093,0.0105));
#2170=CARTESIAN_POINT('',(0.00524552028939478,0.00160142354101022,0.0105));
#2171=CARTESIAN_POINT('',(0.00476883614364273,0.00179671933599098,0.0105));
#2172=CARTESIAN_POINT('',(0.00419764174497834,0.00119668008059331,0.0105));
#2173=CARTESIAN_POINT('',(0.00364731680581202,0.00133726244752506,0.0105));
#2174=CARTESIAN_POINT('',(0.00342242743148483,0.00142646936462629,0.0105));
#2175=CARTESIAN_POINT('',(0.00309211799356891,0.00210866770459826,0.0105));
#2176=CARTESIAN_POINT('',(0.00320988676472731,0.00236082027458259,0.0105));
#2177=CARTESIAN_POINT('',(0.00293216753514892,0.00278394726183355,0.0105));
#2178=CARTESIAN_POINT('',(0.00203852130707222,0.0026212673252445,0.0105));
#2179=CARTESIAN_POINT('',(0.00183635602581869,0.00279270259693996,0.0105));
#2180=CARTESIAN_POINT('',(0.0013111713279448,0.00312695117319719,0.0105));
#2181=CARTESIAN_POINT('',(0.00116360886022449,0.00307328766211868,0.0105));
#2182=CARTESIAN_POINT('',(0.00111256014312474,-0.000341870070344164,0.0105000000056225));
#2183=CARTESIAN_POINT('',(0.00111256014312474,-0.000341870070344164,0.01));
#2184=CARTESIAN_POINT('',(0.00111258648600686,-0.000336313650794555,0.01));
#2185=CARTESIAN_POINT('',(0.00111258648127391,-0.000336313410334084,0.0105));
#2186=CARTESIAN_POINT('',(0.00111258648127391,-0.000336313410334084,0.0105));
#2187=CARTESIAN_POINT('',(0.00111256014312474,-0.000341870070344164,0.0105));
#2188=CARTESIAN_POINT('',(0.00109911938045858,-0.000122548245888623,0.0105));
#2189=CARTESIAN_POINT('',(0.00109911938045858,-0.000122548245888623,0.01));
#2190=CARTESIAN_POINT('',(0.00109484203452773,-0.000209482273157123,0.0105));
#2191=CARTESIAN_POINT('',(0.00109484203452773,-0.000209482273157123,0.01));
#2192=CARTESIAN_POINT('',(0.00111190290563175,-0.000302235074332762,0.0105));
#2193=CARTESIAN_POINT('',(0.00111190290563175,-0.000302235074332762,0.00999999999999998));
#2194=CARTESIAN_POINT('',(0.0011125864811836,-0.000336313410334089,0.0105));
#2195=CARTESIAN_POINT('',(0.0011125864811836,-0.000336313410334089,0.01));
#2196=CARTESIAN_POINT('',(0.00109911938045858,-0.000122548245888623,0.01));
#2197=CARTESIAN_POINT('',(0.00109566880509445,-0.000192678746822176,0.01));
#2198=CARTESIAN_POINT('',(0.00111020896816642,-0.000288669805580902,0.01));
#2199=CARTESIAN_POINT('',(0.00111245436304872,-0.000329726583006635,0.01));
#2200=CARTESIAN_POINT('',(0.00111258648600686,-0.000336313650794555,0.01));
#2201=CARTESIAN_POINT('',(0.00109911938268877,-0.000122548297517784,0.01));
#2202=CARTESIAN_POINT('',(0.00109911938268877,-0.000122548297517784,0.0105));
#2203=CARTESIAN_POINT('',(0.00109911938268877,-0.000122548297517784,0.0105));
#2204=CARTESIAN_POINT('',(0.00109911938045858,-0.000122548245888623,0.0105));
#2205=CARTESIAN_POINT('',(0.00109566880509445,-0.000192678746822176,0.0105));
#2206=CARTESIAN_POINT('',(0.00111020896816642,-0.000288669805580902,0.0105));
#2207=CARTESIAN_POINT('',(0.00111245436304872,-0.000329726583006635,0.0105));
#2208=CARTESIAN_POINT('',(0.00111258648600686,-0.000336313650794555,0.0105));
#2209=CARTESIAN_POINT('',(0.00113736814819276,-1.35525271560688E-20,0.0105));
#2210=CARTESIAN_POINT('',(0.00113736814819276,-1.35525271560688E-20,0.01));
#2211=CARTESIAN_POINT('',(0.00110355436194994,-2.48156818265764E-5,0.0105));
#2212=CARTESIAN_POINT('',(0.00110355436194994,-2.48156818265764E-5,0.01));
#2213=CARTESIAN_POINT('',(0.00109702972755484,-6.67500545388093E-5,0.0105));
#2214=CARTESIAN_POINT('',(0.00109702972755484,-6.67500545388093E-5,0.01));
#2215=CARTESIAN_POINT('',(0.00109911938268877,-0.000122548297517784,0.0105));
#2216=CARTESIAN_POINT('',(0.00109911938268877,-0.000122548297517784,0.01));
#2217=CARTESIAN_POINT('',(0.00113736814819276,-1.35525271560688E-20,0.01));
#2218=CARTESIAN_POINT('',(0.00110355436194994,-2.48156818265764E-5,0.01));
#2219=CARTESIAN_POINT('',(0.00109702972755484,-6.67500545388075E-5,0.01));
#2220=CARTESIAN_POINT('',(0.00109911938268877,-0.000122548297517784,0.01));
#2221=CARTESIAN_POINT('',(0.00113736814819276,-1.01643953670516E-20,0.01));
#2222=CARTESIAN_POINT('',(0.00113736814819276,0.,0.0105));
#2223=CARTESIAN_POINT('',(0.00113736814819276,0.,0.0105));
#2224=CARTESIAN_POINT('',(0.00113736814819276,-1.35525271560688E-20,0.0105));
#2225=CARTESIAN_POINT('',(0.00110355436194994,-2.48156818265764E-5,0.0105));
#2226=CARTESIAN_POINT('',(0.00109702972755484,-6.67500545388075E-5,0.0105));
#2227=CARTESIAN_POINT('',(0.00109911938268877,-0.000122548297517784,0.0105));
#2228=CARTESIAN_POINT('',(0.00129018890383034,3.18916642210336E-5,0.0105));
#2229=CARTESIAN_POINT('',(0.00129018890383034,3.18916642210336E-5,0.01));
#2230=CARTESIAN_POINT('',(0.00122711130331441,3.82594298914026E-5,0.0105));
#2231=CARTESIAN_POINT('',(0.00122711130331441,3.82594298914026E-5,0.01));
#2232=CARTESIAN_POINT('',(0.00116978382061089,3.40215568104736E-5,0.0105));
#2233=CARTESIAN_POINT('',(0.00116978382061089,3.40215568104736E-5,0.01));
#2234=CARTESIAN_POINT('',(0.00113736814819276,-1.01643953670516E-20,0.0105));
#2235=CARTESIAN_POINT('',(0.00113736814819276,-1.01643953670516E-20,0.01));
#2236=CARTESIAN_POINT('',(0.00129018890383034,3.18916642210336E-5,0.01));
#2237=CARTESIAN_POINT('',(0.00122711130331441,3.82594298914026E-5,0.01));
#2238=CARTESIAN_POINT('',(0.00116978382061089,3.40215568104738E-5,0.01));
#2239=CARTESIAN_POINT('',(0.00113736814819276,-1.01643953670516E-20,0.01));
#2240=CARTESIAN_POINT('',(0.00129018888252049,3.18916662923782E-5,0.01));
#2241=CARTESIAN_POINT('',(0.00129018888252049,3.18916662923782E-5,0.0105));
#2242=CARTESIAN_POINT('',(0.00129018888252049,3.18916662923782E-5,0.0105));
#2243=CARTESIAN_POINT('',(0.00129018890383034,3.18916642210336E-5,0.0105));
#2244=CARTESIAN_POINT('',(0.00122711130331441,3.82594298914026E-5,0.0105));
#2245=CARTESIAN_POINT('',(0.00116978382061089,3.40215568104738E-5,0.0105));
#2246=CARTESIAN_POINT('',(0.00113736814819276,-1.01643953670516E-20,0.0105));
#2247=CARTESIAN_POINT('',(0.00171467033214867,8.470329472543E-22,0.0105));
#2248=CARTESIAN_POINT('',(0.00171467033214867,8.470329472543E-22,0.01));
#2249=CARTESIAN_POINT('',(0.00158424824590357,6.48866756585278E-6,0.0105));
#2250=CARTESIAN_POINT('',(0.00158424824590357,6.48866756585278E-6,0.01));
#2251=CARTESIAN_POINT('',(0.00141620676400633,3.29908367400715E-5,0.0105));
#2252=CARTESIAN_POINT('',(0.00141620676400633,3.29908367400715E-5,0.01));
#2253=CARTESIAN_POINT('',(0.00129018888252049,3.18916662923782E-5,0.0105));
#2254=CARTESIAN_POINT('',(0.00129018888252049,3.18916662923782E-5,0.01));
#2255=CARTESIAN_POINT('',(0.00171467033214867,8.470329472543E-22,0.01));
#2256=CARTESIAN_POINT('',(0.00158424824590357,6.48866756585278E-6,0.01));
#2257=CARTESIAN_POINT('',(0.00141620676400633,3.29908367400715E-5,0.01));
#2258=CARTESIAN_POINT('',(0.00129018888252049,3.18916662923782E-5,0.01));
#2259=CARTESIAN_POINT('',(0.00171467033214867,-1.48230765769503E-21,0.01));
#2260=CARTESIAN_POINT('',(0.00171467033214867,4.2351647362715E-22,0.0105));
#2261=CARTESIAN_POINT('',(0.00171467033214867,4.2351647362715E-22,0.0105));
#2262=CARTESIAN_POINT('',(0.00171467033214867,8.470329472543E-22,0.0105));
#2263=CARTESIAN_POINT('',(0.00158424824590357,6.48866756585278E-6,0.0105));
#2264=CARTESIAN_POINT('',(0.00141620676400633,3.29908367400715E-5,0.0105));
#2265=CARTESIAN_POINT('',(0.00129018888252049,3.18916662923782E-5,0.0105));
#2266=CARTESIAN_POINT('',(0.00182071543741399,-0.00378517389688726,0.0105));
#2267=CARTESIAN_POINT('',(0.00182071543741399,-0.00378517389688726,0.01));
#2268=CARTESIAN_POINT('',(0.00188949487579976,6.9643001188839E-7,0.01));
#2269=CARTESIAN_POINT('',(0.0018894669411968,1.08612830837035E-6,0.0105));
#2270=CARTESIAN_POINT('',(0.00188949487579976,6.96430011888347E-7,0.0105));
#2271=CARTESIAN_POINT('',(0.00182071543741399,-0.00378517389688726,0.0105));
#2272=CARTESIAN_POINT('',(0.00202685951547692,-0.0015145141937509,0.0105));
#2273=CARTESIAN_POINT('',(0.00202685951547692,-0.0015145141937509,0.01));
#2274=CARTESIAN_POINT('',(0.00216076709330082,-1.90582413132218E-21,0.01));
#2275=CARTESIAN_POINT('',(0.00216076709330082,7.6232965252887E-20,0.0105));
#2276=CARTESIAN_POINT('',(0.00216076709330082,7.6232965252887E-20,0.0105));
#2277=CARTESIAN_POINT('',(0.00202685951547692,-0.0015145141937509,0.0105));
#2278=CARTESIAN_POINT('',(0.00292178274430172,1.29998434889813E-8,0.0105));
#2279=CARTESIAN_POINT('',(0.00292178274430172,1.29998434889813E-8,0.01));
#2280=CARTESIAN_POINT('',(0.00279529138522781,-6.23117386331169E-5,0.0105));
#2281=CARTESIAN_POINT('',(0.00279529138522781,-6.23117386331169E-5,0.01));
#2282=CARTESIAN_POINT('',(0.00245275451008816,1.67070677848151E-5,0.0105));
#2283=CARTESIAN_POINT('',(0.00245275451008816,1.67070677848151E-5,0.01));
#2284=CARTESIAN_POINT('',(0.00228408843006706,3.04137575854471E-6,0.0105));
#2285=CARTESIAN_POINT('',(0.00228408843006706,3.04137575854471E-6,0.01));
#2286=CARTESIAN_POINT('',(0.00216076709330082,-1.90582413132218E-21,0.0105));
#2287=CARTESIAN_POINT('',(0.00216076709330082,-1.90582413132218E-21,0.01));
#2288=CARTESIAN_POINT('',(0.00292178274430172,1.29998434889813E-8,0.01));
#2289=CARTESIAN_POINT('',(0.0029217739487155,8.6660880876851E-9,0.01));
#2290=CARTESIAN_POINT('',(0.00277978031310858,-6.99451278782881E-5,0.01));
#2291=CARTESIAN_POINT('',(0.00243570529547327,2.56311156501828E-5,0.01));
#2292=CARTESIAN_POINT('',(0.00226897774621088,2.66871301598694E-6,0.01));
#2293=CARTESIAN_POINT('',(0.00216076709330082,-1.90582413132218E-21,0.01));
#2294=CARTESIAN_POINT('',(0.00292178229890408,1.39029407323893E-8,0.01));
#2295=CARTESIAN_POINT('',(0.00292178229890408,1.39029407323893E-8,0.0105));
#2296=CARTESIAN_POINT('',(0.00292178229890408,1.39029407323893E-8,0.0105));
#2297=CARTESIAN_POINT('',(0.00292178274430172,1.29998434889813E-8,0.0105));
#2298=CARTESIAN_POINT('',(0.0029217739487155,8.6660880876851E-9,0.0105));
#2299=CARTESIAN_POINT('',(0.00277978031310858,-6.99451278782881E-5,0.0105));
#2300=CARTESIAN_POINT('',(0.00243570529547327,2.56311156501828E-5,0.0105));
#2301=CARTESIAN_POINT('',(0.00226897774621088,2.66871301598694E-6,0.0105));
#2302=CARTESIAN_POINT('',(0.00216076709330082,-1.90582413132218E-21,0.0105));
#2303=CARTESIAN_POINT('',(0.00268700334968032,0.000436409080650609,0.0105));
#2304=CARTESIAN_POINT('',(0.00268712305539746,0.000436427027569906,0.00999999999999985));
#2305=CARTESIAN_POINT('',(0.00296795677801182,2.81944920726798E-5,0.01));
#2306=CARTESIAN_POINT('',(0.00296795705188562,2.81946889094559E-5,0.0105));
#2307=CARTESIAN_POINT('',(0.00296795705188562,2.81946889094559E-5,0.0105));
#2308=CARTESIAN_POINT('',(0.00268712305539746,0.000436427027569906,0.0104999999999996));
#2309=CARTESIAN_POINT('',(0.00329533781056393,0.000605470958322275,0.0105));
#2310=CARTESIAN_POINT('',(0.00329533781056393,0.000605470958322275,0.01));
#2311=CARTESIAN_POINT('',(0.00327917893657919,0.000529054898777771,0.0105));
#2312=CARTESIAN_POINT('',(0.00327917893657919,0.000529054898777771,0.01));
#2313=CARTESIAN_POINT('',(0.00318947465856816,0.000332292304476716,0.0105));
#2314=CARTESIAN_POINT('',(0.00318947465856816,0.000332292304476716,0.01));
#2315=CARTESIAN_POINT('',(0.00305828132079316,9.43201178344039E-5,0.0105));
#2316=CARTESIAN_POINT('',(0.00305828132079316,9.43201178344039E-5,0.01));
#2317=CARTESIAN_POINT('',(0.00296795677801182,2.81944920726798E-5,0.0105));
#2318=CARTESIAN_POINT('',(0.00296795677801182,2.81944920726798E-5,0.01));
#2319=CARTESIAN_POINT('',(0.00329533781056393,0.000605470958322275,0.01));
#2320=CARTESIAN_POINT('',(0.00328559168123332,0.000559381063694705,0.01));
#2321=CARTESIAN_POINT('',(0.00321074306984263,0.000392532530599306,0.01));
#2322=CARTESIAN_POINT('',(0.00309412714949411,0.00012056246327905,0.01));
#2323=CARTESIAN_POINT('',(0.00296795677801182,2.81944920726798E-5,0.01));
#2324=CARTESIAN_POINT('',(0.00329533780848299,0.000605470930358252,0.01));
#2325=CARTESIAN_POINT('',(0.00329533780848299,0.000605470930358252,0.0105));
#2326=CARTESIAN_POINT('',(0.00329533780848299,0.000605470930358252,0.0105));
#2327=CARTESIAN_POINT('',(0.00329533781056393,0.000605470958322275,0.0105));
#2328=CARTESIAN_POINT('',(0.00328559168123332,0.000559381063694705,0.0105));
#2329=CARTESIAN_POINT('',(0.00321074306984263,0.000392532530599306,0.0105));
#2330=CARTESIAN_POINT('',(0.00309412714949411,0.00012056246327905,0.0105));
#2331=CARTESIAN_POINT('',(0.00296795677801182,2.81944920726798E-5,0.0105));
#2332=CARTESIAN_POINT('',(0.00291685663671663,0.00063749762624679,0.0105));
#2333=CARTESIAN_POINT('',(0.00291685663671663,0.00063749762624679,0.01));
#2334=CARTESIAN_POINT('',(0.00328913051635027,0.000711597094777972,0.01));
#2335=CARTESIAN_POINT('',(0.00328913051635027,0.000711597094777972,0.0105));
#2336=CARTESIAN_POINT('',(0.00328913051635027,0.000711597094777972,0.0105));
#2337=CARTESIAN_POINT('',(0.00291685663671663,0.00063749762624679,0.0105));
#2338=CARTESIAN_POINT('',(0.00297423005202257,0.00102649703812125,0.0105));
#2339=CARTESIAN_POINT('',(0.00297423005202257,0.00102649703812125,0.01));
#2340=CARTESIAN_POINT('',(0.00310136814352094,0.000911279089237796,0.0105));
#2341=CARTESIAN_POINT('',(0.00310136814352094,0.000911279089237796,0.01));
#2342=CARTESIAN_POINT('',(0.00324988998108471,0.000811228883383353,0.0105));
#2343=CARTESIAN_POINT('',(0.00324988998108471,0.000811228883383353,0.01));
#2344=CARTESIAN_POINT('',(0.00328913051635027,0.000711597094777972,0.0105));
#2345=CARTESIAN_POINT('',(0.00328913051635027,0.000711597094777972,0.01));
#2346=CARTESIAN_POINT('',(0.00297423005202257,0.00102649703812125,0.01));
#2347=CARTESIAN_POINT('',(0.00297423293878423,0.001026494422015,0.01));
#2348=CARTESIAN_POINT('',(0.00310137151574469,0.000911276817603912,0.01));
#2349=CARTESIAN_POINT('',(0.00324989087206924,0.000811226621172059,0.01));
#2350=CARTESIAN_POINT('',(0.00328913051635027,0.000711597094777972,0.01));
#2351=CARTESIAN_POINT('',(0.00297422941118775,0.00102649626910736,0.01));
#2352=CARTESIAN_POINT('',(0.00297422941118775,0.00102649626910736,0.0105));
#2353=CARTESIAN_POINT('',(0.00297422941118775,0.00102649626910736,0.0105));
#2354=CARTESIAN_POINT('',(0.00297423005202257,0.00102649703812125,0.0105));
#2355=CARTESIAN_POINT('',(0.00297423293878423,0.001026494422015,0.0105));
#2356=CARTESIAN_POINT('',(0.00310137151574469,0.000911276817603912,0.0105));
#2357=CARTESIAN_POINT('',(0.00324989087206924,0.000811226621172059,0.0105));
#2358=CARTESIAN_POINT('',(0.00328913051635027,0.000711597094777972,0.0105));
#2359=CARTESIAN_POINT('',(0.0024231777060777,0.00142010441049933,0.0105));
#2360=CARTESIAN_POINT('',(0.0024231777060777,0.00142010441049933,0.01));
#2361=CARTESIAN_POINT('',(0.00269446953043431,0.00132120814736753,0.0105));
#2362=CARTESIAN_POINT('',(0.00269446953043431,0.00132120814736753,0.01));
#2363=CARTESIAN_POINT('',(0.00281587720824648,0.00114702269384514,0.0105));
#2364=CARTESIAN_POINT('',(0.00281587720824648,0.00114702269384514,0.01));
#2365=CARTESIAN_POINT('',(0.00297422941118775,0.00102649626910736,0.0105));
#2366=CARTESIAN_POINT('',(0.00297422941118775,0.00102649626910736,0.01));
#2367=CARTESIAN_POINT('',(0.0024231777060777,0.00142010441049933,0.01));
#2368=CARTESIAN_POINT('',(0.00269446953043431,0.00132120814736753,0.01));
#2369=CARTESIAN_POINT('',(0.00281587720824648,0.00114702269384514,0.01));
#2370=CARTESIAN_POINT('',(0.00297422941118775,0.00102649626910736,0.01));
#2371=CARTESIAN_POINT('',(0.0024231777060777,0.00142010441049933,0.01));
#2372=CARTESIAN_POINT('',(0.0024231777060777,0.00142010441049933,0.0105));
#2373=CARTESIAN_POINT('',(0.0024231777060777,0.00142010441049933,0.0105));
#2374=CARTESIAN_POINT('',(0.0024231777060777,0.00142010441049933,0.0105));
#2375=CARTESIAN_POINT('',(0.00269446953043431,0.00132120814736753,0.0105));
#2376=CARTESIAN_POINT('',(0.00281587720824648,0.00114702269384514,0.0105));
#2377=CARTESIAN_POINT('',(0.00297422941118775,0.00102649626910736,0.0105));
#2378=CARTESIAN_POINT('',(0.00111113759107747,0.0017612269676308,0.0105));
#2379=CARTESIAN_POINT('',(0.00111113759107747,0.0017612269676308,0.01));
#2380=CARTESIAN_POINT('',(0.00136735764033506,0.00150693677434607,0.0105));
#2381=CARTESIAN_POINT('',(0.00136735764033506,0.00150693677434607,0.01));
#2382=CARTESIAN_POINT('',(0.00204114666766435,0.00154234021312295,0.0105));
#2383=CARTESIAN_POINT('',(0.00204114666766435,0.00154234021312295,0.01));
#2384=CARTESIAN_POINT('',(0.0024231777060777,0.00142010441049933,0.0105));
#2385=CARTESIAN_POINT('',(0.0024231777060777,0.00142010441049933,0.01));
#2386=CARTESIAN_POINT('',(0.00111113759107747,0.0017612269676308,0.01));
#2387=CARTESIAN_POINT('',(0.00136735764033506,0.00150693677434607,0.01));
#2388=CARTESIAN_POINT('',(0.00204114666766435,0.00154234021312295,0.01));
#2389=CARTESIAN_POINT('',(0.0024231777060777,0.00142010441049933,0.01));
#2390=CARTESIAN_POINT('',(0.00111113827019881,0.00176122770269136,0.01));
#2391=CARTESIAN_POINT('',(0.00111113827019881,0.00176122770269136,0.0105));
#2392=CARTESIAN_POINT('',(0.00111113827019881,0.00176122770269136,0.0105));
#2393=CARTESIAN_POINT('',(0.00111113759107747,0.0017612269676308,0.0105));
#2394=CARTESIAN_POINT('',(0.00136735764033506,0.00150693677434607,0.0105));
#2395=CARTESIAN_POINT('',(0.00204114666766435,0.00154234021312295,0.0105));
#2396=CARTESIAN_POINT('',(0.0024231777060777,0.00142010441049933,0.0105));
#2397=CARTESIAN_POINT('',(0.00124233192764223,0.00338818016462028,0.0105));
#2398=CARTESIAN_POINT('',(0.00124233192764223,0.00338818016462028,0.01));
#2399=CARTESIAN_POINT('',(0.00134718571558764,0.00348555164175125,0.0105));
#2400=CARTESIAN_POINT('',(0.00134718571558764,0.00348555164175125,0.01));
#2401=CARTESIAN_POINT('',(0.00111643423901785,0.0040781190485778,0.0105));
#2402=CARTESIAN_POINT('',(0.00111643423901785,0.0040781190485778,0.01));
#2403=CARTESIAN_POINT('',(0.00150944362807499,0.00429702117072319,0.0105));
#2404=CARTESIAN_POINT('',(0.00150944362807499,0.00429702117072319,0.01));
#2405=CARTESIAN_POINT('',(0.00211134021192926,0.00461502937388378,0.0105));
#2406=CARTESIAN_POINT('',(0.00211134021192926,0.00461502937388378,0.01));
#2407=CARTESIAN_POINT('',(0.00220060784140911,0.00519974663034576,0.0105));
#2408=CARTESIAN_POINT('',(0.00220060784140911,0.00519974663034576,0.01));
#2409=CARTESIAN_POINT('',(0.00219572845449666,0.00548165409386105,0.0105));
#2410=CARTESIAN_POINT('',(0.00219572845449666,0.00548165409386105,0.01));
#2411=CARTESIAN_POINT('',(0.00214892102260735,0.00580570186249407,0.0105));
#2412=CARTESIAN_POINT('',(0.00214892102260735,0.00580570186249407,0.01));
#2413=CARTESIAN_POINT('',(0.002138987256792,0.00603019479594,0.0105));
#2414=CARTESIAN_POINT('',(0.002138987256792,0.00603019479594,0.01));
#2415=CARTESIAN_POINT('',(0.00206792969141155,0.0061934302964948,0.0105));
#2416=CARTESIAN_POINT('',(0.00206792969141155,0.0061934302964948,0.01));
#2417=CARTESIAN_POINT('',(0.00179020944811633,0.0062633348792148,0.0105));
#2418=CARTESIAN_POINT('',(0.00179020944811633,0.0062633348792148,0.01));
#2419=CARTESIAN_POINT('',(0.00140620554637018,0.00630410081448881,0.0105));
#2420=CARTESIAN_POINT('',(0.00140620554637018,0.00630410081448881,0.01));
#2421=CARTESIAN_POINT('',(0.000980357155514573,0.00639417484476385,0.0105));
#2422=CARTESIAN_POINT('',(0.000980357155514573,0.00639417484476385,0.01));
#2423=CARTESIAN_POINT('',(0.000702208037882722,0.00647373376176546,0.0105));
#2424=CARTESIAN_POINT('',(0.000702208037882722,0.00647373376176546,0.01));
#2425=CARTESIAN_POINT('',(0.000600801719423199,0.00648240885653761,0.0105));
#2426=CARTESIAN_POINT('',(0.000600801719423199,0.00648240885653761,0.01));
#2427=CARTESIAN_POINT('',(0.000622498491027851,0.00644427072947306,0.0105));
#2428=CARTESIAN_POINT('',(0.000622498491027851,0.00644427072947306,0.01));
#2429=CARTESIAN_POINT('',(0.00059655798985206,0.00639816779314948,0.0105));
#2430=CARTESIAN_POINT('',(0.00059655798985206,0.00639816779314948,0.01));
#2431=CARTESIAN_POINT('',(0.000447575796357317,0.00634002266441774,0.0105));
#2432=CARTESIAN_POINT('',(0.000447575796357317,0.00634002266441774,0.01));
#2433=CARTESIAN_POINT('',(0.00014230612917013,0.00624959660475551,0.0105));
#2434=CARTESIAN_POINT('',(0.00014230612917013,0.00624959660475551,0.01));
#2435=CARTESIAN_POINT('',(-0.000193254958817112,0.00605196450799949,0.0105));
#2436=CARTESIAN_POINT('',(-0.000193254958817112,0.00605196450799949,0.01));
#2437=CARTESIAN_POINT('',(-0.000472806669017212,0.00566593848495284,0.0105));
#2438=CARTESIAN_POINT('',(-0.000472806669017212,0.00566593848495284,0.01));
#2439=CARTESIAN_POINT('',(-0.000418862805311387,0.005020898680473,0.0105));
#2440=CARTESIAN_POINT('',(-0.000418862805311387,0.005020898680473,0.01));
#2441=CARTESIAN_POINT('',(-6.22197485296361E-6,0.00446566786142137,0.0105));
#2442=CARTESIAN_POINT('',(-6.22197485296361E-6,0.00446566786142137,0.01));
#2443=CARTESIAN_POINT('',(0.000229465996927405,0.00428844159965348,0.0105));
#2444=CARTESIAN_POINT('',(0.000229465996927405,0.00428844159965348,0.01));
#2445=CARTESIAN_POINT('',(0.000427922454301568,0.0042739002522519,0.0105));
#2446=CARTESIAN_POINT('',(0.000427922454301568,0.0042739002522519,0.01));
#2447=CARTESIAN_POINT('',(0.00057839942465396,0.00423208148096923,0.0105));
#2448=CARTESIAN_POINT('',(0.00057839942465396,0.00423208148096923,0.01));
#2449=CARTESIAN_POINT('',(0.000580596103380554,0.00397900363591666,0.0105));
#2450=CARTESIAN_POINT('',(0.000580596103380554,0.00397900363591666,0.01));
#2451=CARTESIAN_POINT('',(0.000526929412940496,0.00373802062068646,0.0105));
#2452=CARTESIAN_POINT('',(0.000526929412940496,0.00373802062068646,0.01));
#2453=CARTESIAN_POINT('',(0.000551009629176666,0.00360847898570419,0.0105));
#2454=CARTESIAN_POINT('',(0.000551009629176666,0.00360847898570419,0.01));
#2455=CARTESIAN_POINT('',(0.000612547737546265,0.00354562629945576,0.0105));
#2456=CARTESIAN_POINT('',(0.000612547737546265,0.00354562629945576,0.01));
#2457=CARTESIAN_POINT('',(0.000612547737546265,0.00354562629945576,0.0105));
#2458=CARTESIAN_POINT('',(0.000612547737546265,0.00354562629945576,0.0105));
#2459=CARTESIAN_POINT('',(0.00124233192764223,0.00338818016462028,0.0105));
#2460=CARTESIAN_POINT('',(0.00135696991952226,0.00349463765007134,0.0105));
#2461=CARTESIAN_POINT('',(0.00110790540656067,0.00409672230464153,0.0105));
#2462=CARTESIAN_POINT('',(0.00154085583412191,0.00430591942928223,0.0105));
#2463=CARTESIAN_POINT('',(0.0021359250632428,0.00463539808293612,0.0105));
#2464=CARTESIAN_POINT('',(0.00219282863877449,0.00519396777202306,0.0105));
#2465=CARTESIAN_POINT('',(0.00219682776733335,0.00549321718132311,0.0105));
#2466=CARTESIAN_POINT('',(0.00213669071345252,0.00589124634958213,0.0105));
#2467=CARTESIAN_POINT('',(0.00212319947763603,0.00626609622401729,0.0105));
#2468=CARTESIAN_POINT('',(0.00128627503758428,0.00627622152466678,0.0105));
#2469=CARTESIAN_POINT('',(0.000555958550186779,0.00653232047985141,0.0105));
#2470=CARTESIAN_POINT('',(0.000671168238639049,0.00637395164141137,0.0105));
#2471=CARTESIAN_POINT('',(-0.000136035482844278,0.00624322582999489,0.0105));
#2472=CARTESIAN_POINT('',(-0.000452543073750142,0.00572043825945288,0.0105));
#2473=CARTESIAN_POINT('',(-0.000437092530773952,0.00540873780846596,0.0105));
#2474=CARTESIAN_POINT('',(-0.000420399598287908,0.00507197329525677,0.0105));
#2475=CARTESIAN_POINT('',(-4.58752139327416E-5,0.00446569854186695,0.0105));
#2476=CARTESIAN_POINT('',(0.000290808459947632,0.00425256046392104,0.0105));
#2477=CARTESIAN_POINT('',(0.000597061851790321,0.00428808351494867,0.0105));
#2478=CARTESIAN_POINT('',(0.000568959364750129,0.00386477618966206,0.0105));
#2479=CARTESIAN_POINT('',(0.000512932857584121,0.00364736915379135,0.0105));
#2480=CARTESIAN_POINT('',(0.000612547737546265,0.00354562629945576,0.0105));
#2481=CARTESIAN_POINT('',(0.00124233192764223,0.00338818016462028,0.0105));
#2482=CARTESIAN_POINT('',(0.00124233192764223,0.00338818016462028,0.0105));
#2483=CARTESIAN_POINT('',(0.000638788915239275,0.00291584199294448,0.0105));
#2484=CARTESIAN_POINT('',(0.000638788915239275,0.00291584199294448,0.01));
#2485=CARTESIAN_POINT('',(0.000396757931390971,0.00310939575449682,0.0105));
#2486=CARTESIAN_POINT('',(0.000396757931390971,0.00310939575449682,0.01));
#2487=CARTESIAN_POINT('',(-0.00127978728787063,0.00320755646428606,0.0105));
#2488=CARTESIAN_POINT('',(-0.00127978728787063,0.00320755646428606,0.01));
#2489=CARTESIAN_POINT('',(-0.0020319092109868,0.00274923400498632,0.0105));
#2490=CARTESIAN_POINT('',(-0.0020319092109868,0.00274923400498632,0.01));
#2491=CARTESIAN_POINT('',(-0.00238291662636749,0.00202049812735484,0.0105));
#2492=CARTESIAN_POINT('',(-0.00238291662636749,0.00202049812735484,0.01));
#2493=CARTESIAN_POINT('',(-0.00283136634252326,0.0027162906840611,0.0105));
#2494=CARTESIAN_POINT('',(-0.00283136634252326,0.0027162906840611,0.01));
#2495=CARTESIAN_POINT('',(-0.0028876608351279,0.00301484498789501,0.0105));
#2496=CARTESIAN_POINT('',(-0.0028876608351279,0.00301484498789501,0.01));
#2497=CARTESIAN_POINT('',(-0.00449022719645681,0.00262947077445411,0.0105));
#2498=CARTESIAN_POINT('',(-0.00449022719645681,0.00262947077445411,0.01));
#2499=CARTESIAN_POINT('',(-0.00499325577555406,0.00177438838598448,0.0105));
#2500=CARTESIAN_POINT('',(-0.00499325577555406,0.00177438838598448,0.01));
#2501=CARTESIAN_POINT('',(-0.0039743848195205,0.000973772587226712,0.0105));
#2502=CARTESIAN_POINT('',(-0.0039743848195205,0.000973772587226712,0.01));
#2503=CARTESIAN_POINT('',(-0.00334752674739749,-0.000469954527288533,0.0105));
#2504=CARTESIAN_POINT('',(-0.00334752674739749,-0.000469954527288533,0.01));
#2505=CARTESIAN_POINT('',(-0.00253994325854059,0.000951836047036015,0.0105));
#2506=CARTESIAN_POINT('',(-0.00253994325854059,0.000951836047036015,0.01));
#2507=CARTESIAN_POINT('',(-0.00221402871835198,-0.000722651440030624,0.0105));
#2508=CARTESIAN_POINT('',(-0.00221402871835198,-0.000722651440030624,0.01));
#2509=CARTESIAN_POINT('',(-0.000553784726459667,-0.000663909100212269,0.0105));
#2510=CARTESIAN_POINT('',(-0.000553784726459667,-0.000663909100212269,0.01));
#2511=CARTESIAN_POINT('',(0.000558996454844785,-0.00156268683325489,0.0105));
#2512=CARTESIAN_POINT('',(0.000558996454844785,-0.00156268683325489,0.01));
#2513=CARTESIAN_POINT('',(0.000923435226283484,0.000453926087317063,0.0105));
#2514=CARTESIAN_POINT('',(0.000923435226283484,0.000453926087317063,0.01));
#2515=CARTESIAN_POINT('',(-0.00123521043394017,0.000324676369821635,0.0105));
#2516=CARTESIAN_POINT('',(-0.00123521043394017,0.000324676369821635,0.01));
#2517=CARTESIAN_POINT('',(-0.001575122836116,0.00188789679008305,0.0105));
#2518=CARTESIAN_POINT('',(-0.001575122836116,0.00188789679008305,0.01));
#2519=CARTESIAN_POINT('',(0.000708631251726835,0.00146633335445483,0.0105));
#2520=CARTESIAN_POINT('',(0.000708631251726835,0.00146633335445483,0.01));
#2521=CARTESIAN_POINT('',(0.000652969401404484,0.00254562796890489,0.0105));
#2522=CARTESIAN_POINT('',(0.000652969401404484,0.00254562796890489,0.01));
#2523=CARTESIAN_POINT('',(0.000748155852052572,0.00282838053791466,0.0105));
#2524=CARTESIAN_POINT('',(0.000748155852052572,0.00282838053791466,0.01));
#2525=CARTESIAN_POINT('',(0.000638788915239275,0.00291584199294448,0.0105));
#2526=CARTESIAN_POINT('',(0.000638788915239275,0.00291584199294448,0.01));
#2527=CARTESIAN_POINT('',(0.000638788915239275,0.00291584199294448,0.0105));
#2528=CARTESIAN_POINT('',(0.000396757931390971,0.00310939575449682,0.0105));
#2529=CARTESIAN_POINT('',(-0.00127978728787063,0.00320755646428606,0.0105));
#2530=CARTESIAN_POINT('',(-0.0020319092109868,0.00274923400498632,0.0105));
#2531=CARTESIAN_POINT('',(-0.00238291662636749,0.00202049812735484,0.0105));
#2532=CARTESIAN_POINT('',(-0.00283136634252326,0.0027162906840611,0.0105));
#2533=CARTESIAN_POINT('',(-0.0028876608351279,0.00301484498789501,0.0105));
#2534=CARTESIAN_POINT('',(-0.00449022719645681,0.00262947077445411,0.0105));
#2535=CARTESIAN_POINT('',(-0.00499325577555406,0.00177438838598448,0.0105));
#2536=CARTESIAN_POINT('',(-0.0039743848195205,0.000973772587226712,0.0105));
#2537=CARTESIAN_POINT('',(-0.00334752674739749,-0.000469954527288533,0.0105));
#2538=CARTESIAN_POINT('',(-0.00253994325854059,0.000951836047036015,0.0105));
#2539=CARTESIAN_POINT('',(-0.00221402871835198,-0.000722651440030624,0.0105));
#2540=CARTESIAN_POINT('',(-0.000553784726459667,-0.000663909100212269,0.0105));
#2541=CARTESIAN_POINT('',(0.000558996454844785,-0.00156268683325489,0.0105));
#2542=CARTESIAN_POINT('',(0.000923435226283484,0.000453926087317063,0.0105));
#2543=CARTESIAN_POINT('',(-0.00123521043394017,0.000324676369821635,0.0105));
#2544=CARTESIAN_POINT('',(-0.001575122836116,0.00188789679008305,0.0105));
#2545=CARTESIAN_POINT('',(0.000708631251726835,0.00146633335445483,0.0105));
#2546=CARTESIAN_POINT('',(0.000652969401404484,0.00254562796890489,0.0105));
#2547=CARTESIAN_POINT('',(0.000748155852052572,0.00282838053791466,0.0105));
#2548=CARTESIAN_POINT('',(0.000638788915239275,0.00291584199294448,0.0105));
#2549=CARTESIAN_POINT('',(0.000638788915239275,0.00291584199294448,0.0105));
#2550=CARTESIAN_POINT('',(0.000638788915239275,0.00291584199294448,0.01));
#2551=CARTESIAN_POINT('',(0.000396757931390971,0.00310939575449682,0.01));
#2552=CARTESIAN_POINT('',(-0.00127978728787063,0.00320755646428606,0.01));
#2553=CARTESIAN_POINT('',(-0.0020319092109868,0.00274923400498632,0.01));
#2554=CARTESIAN_POINT('',(-0.00238291662636749,0.00202049812735484,0.01));
#2555=CARTESIAN_POINT('',(-0.00283136634252326,0.0027162906840611,0.01));
#2556=CARTESIAN_POINT('',(-0.0028876608351279,0.00301484498789501,0.01));
#2557=CARTESIAN_POINT('',(-0.00449022719645681,0.00262947077445411,0.01));
#2558=CARTESIAN_POINT('',(-0.00499325577555406,0.00177438838598448,0.01));
#2559=CARTESIAN_POINT('',(-0.0039743848195205,0.000973772587226712,0.01));
#2560=CARTESIAN_POINT('',(-0.00334752674739749,-0.000469954527288533,0.01));
#2561=CARTESIAN_POINT('',(-0.00253994325854059,0.000951836047036015,0.01));
#2562=CARTESIAN_POINT('',(-0.00221402871835198,-0.000722651440030624,0.01));
#2563=CARTESIAN_POINT('',(-0.000553784726459667,-0.000663909100212269,0.01));
#2564=CARTESIAN_POINT('',(0.000558996454844785,-0.00156268683325489,0.01));
#2565=CARTESIAN_POINT('',(0.000923435226283484,0.000453926087317063,0.01));
#2566=CARTESIAN_POINT('',(-0.00123521043394017,0.000324676369821635,0.01));
#2567=CARTESIAN_POINT('',(-0.001575122836116,0.00188789679008305,0.01));
#2568=CARTESIAN_POINT('',(0.000708631251726835,0.00146633335445483,0.01));
#2569=CARTESIAN_POINT('',(0.000652969401404484,0.00254562796890489,0.01));
#2570=CARTESIAN_POINT('',(0.000748155852052572,0.00282838053791466,0.01));
#2571=CARTESIAN_POINT('',(0.000638788915239275,0.00291584199294448,0.01));
#2572=CARTESIAN_POINT('',(0.000638788915239275,0.00291584199294448,0.01));
#2573=CARTESIAN_POINT('',(0.000612547737546266,0.00354562629945576,0.0105));
#2574=CARTESIAN_POINT('',(0.000612547737546266,0.00354562629945576,0.01));
#2575=CARTESIAN_POINT('',(0.000340031190887339,0.00358057028979836,0.0105));
#2576=CARTESIAN_POINT('',(0.000340031190887339,0.00358057028979836,0.01));
#2577=CARTESIAN_POINT('',(-0.000305707594019995,0.00362484083918223,0.0105));
#2578=CARTESIAN_POINT('',(-0.000305707594019995,0.00362484083918223,0.01));
#2579=CARTESIAN_POINT('',(-0.00117441884782915,0.00362844784420089,0.0105));
#2580=CARTESIAN_POINT('',(-0.00117441884782915,0.00362844784420089,0.01));
#2581=CARTESIAN_POINT('',(-0.00172108097701268,0.00360182806748061,0.0105));
#2582=CARTESIAN_POINT('',(-0.00172108097701268,0.00360182806748061,0.01));
#2583=CARTESIAN_POINT('',(-0.00201939953205384,0.00350796821766902,0.0105));
#2584=CARTESIAN_POINT('',(-0.00201939953205384,0.00350796821766902,0.01));
#2585=CARTESIAN_POINT('',(-0.00209008114856417,0.00344325208834566,0.0105));
#2586=CARTESIAN_POINT('',(-0.00209008114856417,0.00344325208834566,0.01));
#2587=CARTESIAN_POINT('',(-0.00217375136002387,0.00394350997285701,0.0105));
#2588=CARTESIAN_POINT('',(-0.00217375136002387,0.00394350997285701,0.01));
#2589=CARTESIAN_POINT('',(-0.00236684734670607,0.00397338071963539,0.0105));
#2590=CARTESIAN_POINT('',(-0.00236684734670607,0.00397338071963539,0.01));
#2591=CARTESIAN_POINT('',(-0.00249959870511747,0.00374133977419165,0.0105));
#2592=CARTESIAN_POINT('',(-0.00249959870511747,0.00374133977419165,0.01));
#2593=CARTESIAN_POINT('',(-0.00260180740131609,0.00348022533838673,0.0105));
#2594=CARTESIAN_POINT('',(-0.00260180740131609,0.00348022533838673,0.01));
#2595=CARTESIAN_POINT('',(-0.00265042543653228,0.00339927578507769,0.0105));
#2596=CARTESIAN_POINT('',(-0.00265042543653228,0.00339927578507769,0.01));
#2597=CARTESIAN_POINT('',(-0.00290560213387824,0.00333728554317473,0.0105));
#2598=CARTESIAN_POINT('',(-0.00290560213387824,0.00333728554317473,0.01));
#2599=CARTESIAN_POINT('',(-0.00347772274987114,0.00322736260870655,0.0105));
#2600=CARTESIAN_POINT('',(-0.00347772274987114,0.00322736260870655,0.01));
#2601=CARTESIAN_POINT('',(-0.00438353633887517,0.00299487659091377,0.0105));
#2602=CARTESIAN_POINT('',(-0.00438353633887517,0.00299487659091377,0.01));
#2603=CARTESIAN_POINT('',(-0.00511749081869448,0.00238763474353407,0.0105));
#2604=CARTESIAN_POINT('',(-0.00511749081869448,0.00238763474353407,0.01));
#2605=CARTESIAN_POINT('',(-0.005268498275725,0.0016186791934312,0.0105));
#2606=CARTESIAN_POINT('',(-0.005268498275725,0.0016186791934312,0.01));
#2607=CARTESIAN_POINT('',(-0.00476479234602185,0.000840503088808842,0.0105));
#2608=CARTESIAN_POINT('',(-0.00476479234602185,0.000840503088808842,0.01));
#2609=CARTESIAN_POINT('',(-0.00399748188973868,0.000251732853800519,0.0105));
#2610=CARTESIAN_POINT('',(-0.00399748188973868,0.000251732853800519,0.01));
#2611=CARTESIAN_POINT('',(-0.00347546229855494,-8.07406095799673E-5,0.0105));
#2612=CARTESIAN_POINT('',(-0.00347546229855494,-8.07406095799673E-5,0.01));
#2613=CARTESIAN_POINT('',(-0.00346172817074563,-0.000416547046561856,0.0105));
#2614=CARTESIAN_POINT('',(-0.00346172817074563,-0.000416547046561856,0.01));
#2615=CARTESIAN_POINT('',(-0.00351653344487685,-0.000669880879915444,0.0105));
#2616=CARTESIAN_POINT('',(-0.00351653344487685,-0.000669880879915444,0.01));
#2617=CARTESIAN_POINT('',(-0.0033585523473044,-0.000862903759867484,0.0105));
#2618=CARTESIAN_POINT('',(-0.0033585523473044,-0.000862903759867484,0.01));
#2619=CARTESIAN_POINT('',(-0.00302387759185351,-0.000971322490848095,0.0105));
#2620=CARTESIAN_POINT('',(-0.00302387759185351,-0.000971322490848095,0.01));
#2621=CARTESIAN_POINT('',(-0.00269072753213491,-0.000980045285336177,0.0105));
#2622=CARTESIAN_POINT('',(-0.00269072753213491,-0.000980045285336177,0.01));
#2623=CARTESIAN_POINT('',(-0.00247559604675778,-0.000886094919834182,0.0105));
#2624=CARTESIAN_POINT('',(-0.00247559604675778,-0.000886094919834182,0.01));
#2625=CARTESIAN_POINT('',(-0.00226838632083029,-0.000814698428868539,0.0105));
#2626=CARTESIAN_POINT('',(-0.00226838632083029,-0.000814698428868539,0.01));
#2627=CARTESIAN_POINT('',(-0.00188926878164972,-0.000887924493039222,0.0105));
#2628=CARTESIAN_POINT('',(-0.00188926878164972,-0.000887924493039222,0.01));
#2629=CARTESIAN_POINT('',(-0.00128999964056237,-0.00116401983988288,0.0105));
#2630=CARTESIAN_POINT('',(-0.00128999964056237,-0.00116401983988288,0.01));
#2631=CARTESIAN_POINT('',(-0.00065391860227278,-0.00139779259549748,0.0105));
#2632=CARTESIAN_POINT('',(-0.00065391860227278,-0.00139779259549748,0.01));
#2633=CARTESIAN_POINT('',(-0.000118850942431839,-0.00149614648695274,0.0105));
#2634=CARTESIAN_POINT('',(-0.000118850942431839,-0.00149614648695274,0.01));
#2635=CARTESIAN_POINT('',(0.000307642872157732,-0.00149775143029582,0.0105));
#2636=CARTESIAN_POINT('',(0.000307642872157732,-0.00149775143029582,0.01));
#2637=CARTESIAN_POINT('',(0.000658584005229662,-0.00148378929863972,0.0105));
#2638=CARTESIAN_POINT('',(0.000658584005229662,-0.00148378929863972,0.01));
#2639=CARTESIAN_POINT('',(0.000763177708940942,-0.00155185882063969,0.0105));
#2640=CARTESIAN_POINT('',(0.000763177708940942,-0.00155185882063969,0.01));
#2641=CARTESIAN_POINT('',(0.000564525774009087,-0.00175228310591223,0.0105));
#2642=CARTESIAN_POINT('',(0.000564525774009087,-0.00175228310591223,0.01));
#2643=CARTESIAN_POINT('',(0.00050690585115737,-0.00197874564509364,0.0105));
#2644=CARTESIAN_POINT('',(0.00050690585115737,-0.00197874564509364,0.01));
#2645=CARTESIAN_POINT('',(0.000671733414254544,-0.00218248363667705,0.0105));
#2646=CARTESIAN_POINT('',(0.000671733414254544,-0.00218248363667705,0.01));
#2647=CARTESIAN_POINT('',(0.000605967826783586,-0.00236059835996374,0.0105));
#2648=CARTESIAN_POINT('',(0.000605967826783586,-0.00236059835996374,0.01));
#2649=CARTESIAN_POINT('',(0.000305041266554169,-0.00252229670734215,0.0105));
#2650=CARTESIAN_POINT('',(0.000305041266554169,-0.00252229670734215,0.01));
#2651=CARTESIAN_POINT('',(-0.000134590498759213,-0.00275497892715622,0.0105));
#2652=CARTESIAN_POINT('',(-0.000134590498759213,-0.00275497892715622,0.01));
#2653=CARTESIAN_POINT('',(-0.000344434796154384,-0.00311164320533582,0.0105));
#2654=CARTESIAN_POINT('',(-0.000344434796154384,-0.00311164320533582,0.01));
#2655=CARTESIAN_POINT('',(-0.000452066905435653,-0.00395819348938372,0.0105));
#2656=CARTESIAN_POINT('',(-0.000452066905435653,-0.00395819348938372,0.01));
#2657=CARTESIAN_POINT('',(-0.000290063803370878,-0.00466766536864451,0.0105));
#2658=CARTESIAN_POINT('',(-0.000290063803370878,-0.00466766536864451,0.01));
#2659=CARTESIAN_POINT('',(0.000316101358034587,-0.0046902637532779,0.0105));
#2660=CARTESIAN_POINT('',(0.000316101358034587,-0.0046902637532779,0.01));
#2661=CARTESIAN_POINT('',(0.000875503772428276,-0.00490701151770519,0.0105));
#2662=CARTESIAN_POINT('',(0.000875503772428276,-0.00490701151770519,0.01));
#2663=CARTESIAN_POINT('',(0.00153523061385959,-0.0048600878657796,0.0105));
#2664=CARTESIAN_POINT('',(0.00153523061385959,-0.0048600878657796,0.01));
#2665=CARTESIAN_POINT('',(0.001999562281163,-0.0044502588349425,0.0105));
#2666=CARTESIAN_POINT('',(0.001999562281163,-0.0044502588349425,0.01));
#2667=CARTESIAN_POINT('',(0.00213248537162461,-0.00377941247493104,0.0105));
#2668=CARTESIAN_POINT('',(0.00213248537162461,-0.00377941247493104,0.01));
#2669=CARTESIAN_POINT('',(0.0021603649349656,-0.00318844201263923,0.0105));
#2670=CARTESIAN_POINT('',(0.0021603649349656,-0.00318844201263923,0.01));
#2671=CARTESIAN_POINT('',(0.00194642211274636,-0.00283040161334729,0.0105));
#2672=CARTESIAN_POINT('',(0.00194642211274636,-0.00283040161334729,0.01));
#2673=CARTESIAN_POINT('',(0.00167658616798558,-0.00264100794950379,0.0105));
#2674=CARTESIAN_POINT('',(0.00167658616798558,-0.00264100794950379,0.01));
#2675=CARTESIAN_POINT('',(0.00139812009592684,-0.00251679782893991,0.0105));
#2676=CARTESIAN_POINT('',(0.00139812009592684,-0.00251679782893991,0.01));
#2677=CARTESIAN_POINT('',(0.00120786794211209,-0.00247289673064786,0.0105));
#2678=CARTESIAN_POINT('',(0.00120786794211209,-0.00247289673064786,0.01));
#2679=CARTESIAN_POINT('',(0.00108593464638201,-0.00232942297865612,0.0105));
#2680=CARTESIAN_POINT('',(0.00108593464638201,-0.00232942297865612,0.01));
#2681=CARTESIAN_POINT('',(0.00100716374354302,-0.00194832829608365,0.0105));
#2682=CARTESIAN_POINT('',(0.00100716374354302,-0.00194832829608365,0.01));
#2683=CARTESIAN_POINT('',(0.00103398741365323,-0.00157073429899912,0.0105));
#2684=CARTESIAN_POINT('',(0.00103398741365323,-0.00157073429899912,0.01));
#2685=CARTESIAN_POINT('',(0.00130879829293133,-0.00140832472725788,0.0105));
#2686=CARTESIAN_POINT('',(0.00130879829293133,-0.00140832472725788,0.01));
#2687=CARTESIAN_POINT('',(0.00188258300560119,-0.00176784783762381,0.0105));
#2688=CARTESIAN_POINT('',(0.00188258300560119,-0.00176784783762381,0.01));
#2689=CARTESIAN_POINT('',(0.00226001343885972,-0.00180097607427294,0.0105));
#2690=CARTESIAN_POINT('',(0.00226001343885972,-0.00180097607427294,0.01));
#2691=CARTESIAN_POINT('',(0.0024613763323561,-0.00169952269934764,0.0105));
#2692=CARTESIAN_POINT('',(0.0024613763323561,-0.00169952269934764,0.01));
#2693=CARTESIAN_POINT('',(0.00271710556389216,-0.00170013571949513,0.0105));
#2694=CARTESIAN_POINT('',(0.00271710556389216,-0.00170013571949513,0.01));
#2695=CARTESIAN_POINT('',(0.00302492688811905,-0.00184297535490661,0.0105));
#2696=CARTESIAN_POINT('',(0.00302492688811905,-0.00184297535490661,0.01));
#2697=CARTESIAN_POINT('',(0.00329223336497614,-0.00205034967212643,0.0105));
#2698=CARTESIAN_POINT('',(0.00329223336497614,-0.00205034967212643,0.01));
#2699=CARTESIAN_POINT('',(0.00343799631293252,-0.00226729386466089,0.0105));
#2700=CARTESIAN_POINT('',(0.00343799631293252,-0.00226729386466089,0.01));
#2701=CARTESIAN_POINT('',(0.00352650713291,-0.0024790907070564,0.0105));
#2702=CARTESIAN_POINT('',(0.00352650713291,-0.0024790907070564,0.01));
#2703=CARTESIAN_POINT('',(0.00364369525305064,-0.00267598210221383,0.0105));
#2704=CARTESIAN_POINT('',(0.00364369525305064,-0.00267598210221383,0.01));
#2705=CARTESIAN_POINT('',(0.0038042602913909,-0.00285798351781796,0.0105));
#2706=CARTESIAN_POINT('',(0.0038042602913909,-0.00285798351781796,0.01));
#2707=CARTESIAN_POINT('',(0.00401850310692818,-0.00304786763566983,0.0105));
#2708=CARTESIAN_POINT('',(0.00401850310692818,-0.00304786763566983,0.01));
#2709=CARTESIAN_POINT('',(0.00423931216493902,-0.0031336929027753,0.0105));
#2710=CARTESIAN_POINT('',(0.00423931216493902,-0.0031336929027753,0.01));
#2711=CARTESIAN_POINT('',(0.00438533296039146,-0.00291658720651045,0.0105));
#2712=CARTESIAN_POINT('',(0.00438533296039146,-0.00291658720651045,0.01));
#2713=CARTESIAN_POINT('',(0.0044769852238222,-0.00253513988573879,0.0105));
#2714=CARTESIAN_POINT('',(0.0044769852238222,-0.00253513988573879,0.01));
#2715=CARTESIAN_POINT('',(0.00455345779777734,-0.00219692582992247,0.0105));
#2716=CARTESIAN_POINT('',(0.00455345779777734,-0.00219692582992247,0.01));
#2717=CARTESIAN_POINT('',(0.00464657227288857,-0.00207142500876324,0.0105));
#2718=CARTESIAN_POINT('',(0.00464657227288857,-0.00207142500876324,0.01));
#2719=CARTESIAN_POINT('',(0.0048425097262429,-0.00197259581845092,0.0105));
#2720=CARTESIAN_POINT('',(0.0048425097262429,-0.00197259581845092,0.01));
#2721=CARTESIAN_POINT('',(0.00513430836132056,-0.00183853692265403,0.0105));
#2722=CARTESIAN_POINT('',(0.00513430836132056,-0.00183853692265403,0.01));
#2723=CARTESIAN_POINT('',(0.00539560742751192,-0.00173872116159858,0.0105));
#2724=CARTESIAN_POINT('',(0.00539560742751192,-0.00173872116159858,0.01));
#2725=CARTESIAN_POINT('',(0.0055303451124847,-0.00171308101309562,0.0105));
#2726=CARTESIAN_POINT('',(0.0055303451124847,-0.00171308101309562,0.01));
#2727=CARTESIAN_POINT('',(0.00582047507678448,-0.00162656762866542,0.0105));
#2728=CARTESIAN_POINT('',(0.00582047507678448,-0.00162656762866542,0.01));
#2729=CARTESIAN_POINT('',(0.00653615491279122,-0.00131319259339387,0.0105));
#2730=CARTESIAN_POINT('',(0.00653615491279122,-0.00131319259339387,0.01));
#2731=CARTESIAN_POINT('',(0.00722561192514855,-0.000821986004410229,0.0105));
#2732=CARTESIAN_POINT('',(0.00722561192514855,-0.000821986004410229,0.01));
#2733=CARTESIAN_POINT('',(0.00749391088181985,-0.000224367574065014,0.0105));
#2734=CARTESIAN_POINT('',(0.00749391088181985,-0.000224367574065014,0.01));
#2735=CARTESIAN_POINT('',(0.0074287944589215,0.000602361106601582,0.0105));
#2736=CARTESIAN_POINT('',(0.0074287944589215,0.000602361106601582,0.01));
#2737=CARTESIAN_POINT('',(0.0067891160748819,0.00135201132188284,0.0105));
#2738=CARTESIAN_POINT('',(0.0067891160748819,0.00135201132188284,0.01));
#2739=CARTESIAN_POINT('',(0.00562317737571526,0.00185559458607645,0.0105));
#2740=CARTESIAN_POINT('',(0.00562317737571526,0.00185559458607645,0.01));
#2741=CARTESIAN_POINT('',(0.00478601733675432,0.00228307330245565,0.0105));
#2742=CARTESIAN_POINT('',(0.00478601733675432,0.00228307330245565,0.01));
#2743=CARTESIAN_POINT('',(0.00488859898568616,0.00275327572282664,0.0105));
#2744=CARTESIAN_POINT('',(0.00488859898568616,0.00275327572282664,0.01));
#2745=CARTESIAN_POINT('',(0.00466805336019897,0.00321320767838565,0.0105));
#2746=CARTESIAN_POINT('',(0.00466805336019897,0.00321320767838565,0.01));
#2747=CARTESIAN_POINT('',(0.00421350756183429,0.00326575405390601,0.0105));
#2748=CARTESIAN_POINT('',(0.00421350756183429,0.00326575405390601,0.01));
#2749=CARTESIAN_POINT('',(0.00384419187911103,0.00331560224119889,0.0105));
#2750=CARTESIAN_POINT('',(0.00384419187911103,0.00331560224119889,0.01));
#2751=CARTESIAN_POINT('',(0.00358034046680111,0.00333984275547409,0.0105));
#2752=CARTESIAN_POINT('',(0.00358034046680111,0.00333984275547409,0.01));
#2753=CARTESIAN_POINT('',(0.00339562585884469,0.00325587294783315,0.0105));
#2754=CARTESIAN_POINT('',(0.00339562585884469,0.00325587294783315,0.01));
#2755=CARTESIAN_POINT('',(0.00323202518800482,0.00312034283753602,0.0105));
#2756=CARTESIAN_POINT('',(0.00323202518800482,0.00312034283753602,0.01));
#2757=CARTESIAN_POINT('',(0.00307181355178211,0.00299939168873974,0.0105));
#2758=CARTESIAN_POINT('',(0.00307181355178211,0.00299939168873974,0.01));
#2759=CARTESIAN_POINT('',(0.0026879015616751,0.00301563317073998,0.0105));
#2760=CARTESIAN_POINT('',(0.0026879015616751,0.00301563317073998,0.01));
#2761=CARTESIAN_POINT('',(0.00191569948773854,0.00319485983073442,0.0105));
#2762=CARTESIAN_POINT('',(0.00191569948773854,0.00319485983073442,0.01));
#2763=CARTESIAN_POINT('',(0.00141653218023577,0.00333169985866564,0.0105));
#2764=CARTESIAN_POINT('',(0.00141653218023577,0.00333169985866564,0.01));
#2765=CARTESIAN_POINT('',(0.00124233192764223,0.00338818016462028,0.0105));
#2766=CARTESIAN_POINT('',(0.00124233192764223,0.00338818016462028,0.01));
#2767=CARTESIAN_POINT('',(0.000612547737546266,0.00354562629945576,0.0105));
#2768=CARTESIAN_POINT('',(-2.17171667407424E-5,0.00362695621120528,0.0105));
#2769=CARTESIAN_POINT('',(-0.00189154995743563,0.00368944977517874,0.0105));
#2770=CARTESIAN_POINT('',(-0.00208449793836117,0.00339660266731158,0.0105));
#2771=CARTESIAN_POINT('',(-0.00215115232971584,0.00388647147739705,0.0105));
#2772=CARTESIAN_POINT('',(-0.00239228571749904,0.00403043171539717,0.0105));
#2773=CARTESIAN_POINT('',(-0.0025916889194223,0.0034895105572672,0.0105));
#2774=CARTESIAN_POINT('',(-0.00269576719609554,0.00333223301228104,0.0105));
#2775=CARTESIAN_POINT('',(-0.00447612739657477,0.00314310803530383,0.0105));
#2776=CARTESIAN_POINT('',(-0.0055639421819103,0.00181398645606675,0.0105));
#2777=CARTESIAN_POINT('',(-0.00441864869393423,0.000434900690562082,0.0105));
#2778=CARTESIAN_POINT('',(-0.00328462085831856,-0.000112115516542045,0.0105));
#2779=CARTESIAN_POINT('',(-0.00365804281504967,-0.000827355692052938,0.0105));
#2780=CARTESIAN_POINT('',(-0.00268883802047487,-0.00106847025797502,0.0105));
#2781=CARTESIAN_POINT('',(-0.00228211829439102,-0.000709246073268984,0.0105));
#2782=CARTESIAN_POINT('',(-0.00130251434065956,-0.00116710824012626,0.0105));
#2783=CARTESIAN_POINT('',(-0.000159253018585091,-0.00158576861899683,0.0105));
#2784=CARTESIAN_POINT('',(0.000969001555905089,-0.00141667107296883,0.0105));
#2785=CARTESIAN_POINT('',(0.000373085162757505,-0.00189353915677531,0.0105));
#2786=CARTESIAN_POINT('',(0.000868518413980932,-0.00232209589825316,0.0105));
#2787=CARTESIAN_POINT('',(-0.000140478492280468,-0.00265960244030557,0.0105));
#2788=CARTESIAN_POINT('',(-0.000405322123267731,-0.00329736127736205,0.0105));
#2789=CARTESIAN_POINT('',(-0.000463660366747912,-0.0046398670648599,0.0105));
#2790=CARTESIAN_POINT('',(0.00032853902585912,-0.00468690378101343,0.0105));
#2791=CARTESIAN_POINT('',(0.00103907711455886,-0.0049701839094671,0.0105));
#2792=CARTESIAN_POINT('',(0.00190838128656031,-0.00470533934302112,0.0105));
#2793=CARTESIAN_POINT('',(0.00214469094003061,-0.00383764681731907,0.0105));
#2794=CARTESIAN_POINT('',(0.00217412948983843,-0.00286510204479242,0.0105));
#2795=CARTESIAN_POINT('',(0.00137180776174532,-0.00249336692598973,0.0105));
#2796=CARTESIAN_POINT('',(0.00104644864746543,-0.00243966958614214,0.0105));
#2797=CARTESIAN_POINT('',(0.000905995646178756,-0.0010871149709504,0.0105));
#2798=CARTESIAN_POINT('',(0.002127029811577,-0.00197493027702422,0.0105));
#2799=CARTESIAN_POINT('',(0.00255111084254637,-0.00155922133518372,0.0105));
#2800=CARTESIAN_POINT('',(0.00336950919404287,-0.00202875991728374,0.0105));
#2801=CARTESIAN_POINT('',(0.00352284251578436,-0.0025265255537017,0.0105));
#2802=CARTESIAN_POINT('',(0.00382150662564302,-0.00290055312235812,0.0105));
#2803=CARTESIAN_POINT('',(0.00437581755421584,-0.00330314516450183,0.0105));
#2804=CARTESIAN_POINT('',(0.00450713469150766,-0.00218514059931697,0.0105));
#2805=CARTESIAN_POINT('',(0.00472412736007712,-0.00201772615129354,0.0105));
#2806=CARTESIAN_POINT('',(0.00538902696560097,-0.00172474702988126,0.0105));
#2807=CARTESIAN_POINT('',(0.00564600593933006,-0.00170760186710314,0.0105));
#2808=CARTESIAN_POINT('',(0.00697630280842095,-0.00113657028196942,0.0105));
#2809=CARTESIAN_POINT('',(0.00759943634458462,-0.000243420811603556,0.0105));
#2810=CARTESIAN_POINT('',(0.00724091010230152,0.00139698349334625,0.0105));
#2811=CARTESIAN_POINT('',(0.00476278982572341,0.00207038522322055,0.0105));
#2812=CARTESIAN_POINT('',(0.00488509814358044,0.00272087485610825,0.0105));
#2813=CARTESIAN_POINT('',(0.00469749229102493,0.00318195832953218,0.0105));
#2814=CARTESIAN_POINT('',(0.00428270649080333,0.00326452511517401,0.0105));
#2815=CARTESIAN_POINT('',(0.00387202181792677,0.00330472784907314,0.0105));
#2816=CARTESIAN_POINT('',(0.00351830931928763,0.00336155507888852,0.0105));
#2817=CARTESIAN_POINT('',(0.0032355291157412,0.00311815895200725,0.0105));
#2818=CARTESIAN_POINT('',(0.00301948106867743,0.00297163877592087,0.0105));
#2819=CARTESIAN_POINT('',(0.00232302737046683,0.00308879630294891,0.0105));
#2820=CARTESIAN_POINT('',(0.0015149903245195,0.00329977713737174,0.0105));
#2821=CARTESIAN_POINT('',(0.00124233192764223,0.00338818016462028,0.0105));
#2822=CARTESIAN_POINT('',(0.00135071406917105,0.00202620289429916,0.0105));
#2823=CARTESIAN_POINT('',(0.00135071406917105,0.00202620289429916,0.01));
#2824=CARTESIAN_POINT('',(0.00135071406917105,0.00202620289429916,0.0105));
#2825=CARTESIAN_POINT('',(-6.93889390390723E-18,2.08166817117217E-17,0.0105));
#2826=CARTESIAN_POINT('',(0.,0.,0.01));
#2827=CARTESIAN_POINT('',(0.,0.,0.01));
#2828=CARTESIAN_POINT('',(0.0477598039739299,0.00175980397392998,0.025903921589572));
#2829=CARTESIAN_POINT('',(0.0511563160404963,0.00809805806756915,0.00950970966215456));
#2830=CARTESIAN_POINT('',(0.0515623036121456,0.00809502562338268,0.00952487188308689));
#2831=CARTESIAN_POINT('',(0.0523505983760302,0.00792189309588674,0.00954975870361034));
#2832=CARTESIAN_POINT('',(0.0532827683444718,0.00728269685156388,0.00955926224023636));
#2833=CARTESIAN_POINT('',(0.0539217918066144,0.00635078305838996,0.00954974634326065));
#2834=CARTESIAN_POINT('',(0.0540950249953072,0.00556238769969603,0.00952487502346387));
#2835=CARTESIAN_POINT('',(0.0540980580675691,0.00515631604049639,0.00950970966215456));
#2836=CARTESIAN_POINT('',(0.0525005447146707,-0.00650054471467065,0.00220021788586826));
#2837=CARTESIAN_POINT('',(0.0540980580675691,-0.00515631604049631,0.00950970966215454));
#2838=CARTESIAN_POINT('',(0.0540950256233828,-0.00556230361212349,0.00952487188308605));
#2839=CARTESIAN_POINT('',(0.0539218930959134,-0.00635059837598155,0.00954975870361359));
#2840=CARTESIAN_POINT('',(0.053282696851545,-0.00728276834449062,0.00955926224023634));
#2841=CARTESIAN_POINT('',(0.0523507830584385,-0.00792179180658775,0.00954974634325735));
#2842=CARTESIAN_POINT('',(0.0515623876997181,-0.00809502499530704,0.00952487502346466));
#2843=CARTESIAN_POINT('',(0.0511563160404964,-0.00809805806756907,0.00950970966215453));
#2844=CARTESIAN_POINT('',(-0.0559079521220781,-0.00990795212207808,-0.0148368191511688));
#2845=CARTESIAN_POINT('',(-0.0511563160404963,-0.00809805806756909,0.00950970966215451));
#2846=CARTESIAN_POINT('',(-0.0515623036121457,-0.00809502562338262,0.00952487188308686));
#2847=CARTESIAN_POINT('',(-0.0523505983760302,-0.00792189309588666,0.00954975870361032));
#2848=CARTESIAN_POINT('',(-0.0532827683444718,-0.00728269685156385,0.00955926224023637));
#2849=CARTESIAN_POINT('',(-0.0539217918066145,-0.00635078305838978,0.00954974634326058));
#2850=CARTESIAN_POINT('',(-0.0540950249953072,-0.00556238769969591,0.00952487502346381));
#2851=CARTESIAN_POINT('',(-0.0540980580675691,-0.00515631604049633,0.00950970966215451));
#2852=CARTESIAN_POINT('',(-0.0477598039739299,0.00175980397392993,0.025903921589572));
#2853=CARTESIAN_POINT('',(-0.0540980580675691,0.00515631604049632,0.00950970966215456));
#2854=CARTESIAN_POINT('',(-0.0540950256233827,0.00556230361212793,0.00952487188308624));
#2855=CARTESIAN_POINT('',(-0.053921893095908,0.00635059837599129,0.00954975870361294));
#2856=CARTESIAN_POINT('',(-0.0532826968515488,0.00728276834448686,0.00955926224023636));
#2857=CARTESIAN_POINT('',(-0.0523507830584287,0.00792179180659312,0.00954974634325802));
#2858=CARTESIAN_POINT('',(-0.0515623876997136,0.00809502499530709,0.00952487502346452));
#2859=CARTESIAN_POINT('',(-0.0511563160404963,0.00809805806756908,0.00950970966215456));
#2860=CARTESIAN_POINT('',(-0.0540980580675691,-0.11,0.00950970966215454));
#2861=CARTESIAN_POINT('',(-0.0535,0.0051563160404962,0.00999999999999999));
#2862=CARTESIAN_POINT('',(-0.0536993526891897,0.0051563160404962,0.00983656988738484));
#2863=CARTESIAN_POINT('',(-0.0538987053783794,0.0051563160404962,0.00967313977476969));
#2864=CARTESIAN_POINT('',(-0.0540980580675691,0.0051563160404962,0.00950970966215454));
#2865=CARTESIAN_POINT('',(-0.0540980580675691,-0.00515631604049641,0.00950970966215454));
#2866=CARTESIAN_POINT('',(-0.0538987053783794,-0.00515631604049641,0.00967313977476969));
#2867=CARTESIAN_POINT('',(-0.0536993526891897,-0.00515631604049641,0.00983656988738484));
#2868=CARTESIAN_POINT('',(-0.0535,-0.00515631604049641,0.01));
#2869=CARTESIAN_POINT('',(-0.0535,-0.00515631604049633,0.01));
#2870=CARTESIAN_POINT('',(-0.0535023522051073,-0.00577922202554558,0.01));
#2871=CARTESIAN_POINT('',(-0.0532510928297991,-0.0063867569270682,0.01));
#2872=CARTESIAN_POINT('',(-0.0523867569270682,-0.00725109282979908,0.01));
#2873=CARTESIAN_POINT('',(-0.0517792220255456,-0.00750235220510731,0.01));
#2874=CARTESIAN_POINT('',(-0.0511563160404963,-0.0075,0.01));
#2875=CARTESIAN_POINT('',(-0.0540980580675691,-0.00515631604049633,0.00950970966215454));
#2876=CARTESIAN_POINT('',(-0.0540951011522009,-0.00593226496996772,0.00953925642694387));
#2877=CARTESIAN_POINT('',(-0.0537763584587056,-0.00669146272813833,0.00955609233463606));
#2878=CARTESIAN_POINT('',(-0.0526914627281383,-0.00777635845870562,0.00955609233463605));
#2879=CARTESIAN_POINT('',(-0.0519322649699677,-0.00809510115220095,0.00953925642694387));
#2880=CARTESIAN_POINT('',(-0.0511563160404963,-0.00809805806756909,0.00950970966215454));
#2881=CARTESIAN_POINT('',(-0.0511563160404962,-0.00750000000000001,0.01));
#2882=CARTESIAN_POINT('',(-0.0511563160404962,-0.0076993526891897,0.00983656988738485));
#2883=CARTESIAN_POINT('',(-0.0511563160404962,-0.0078987053783794,0.00967313977476969));
#2884=CARTESIAN_POINT('',(-0.0511563160404962,-0.0080980580675691,0.00950970966215454));
#2885=CARTESIAN_POINT('',(-0.0511563160404963,0.0075,0.01));
#2886=CARTESIAN_POINT('',(-0.0517792220255456,0.00750235220510731,0.01));
#2887=CARTESIAN_POINT('',(-0.0523867569270682,0.00725109282979909,0.01));
#2888=CARTESIAN_POINT('',(-0.0532510928297991,0.00638675692706821,0.01));
#2889=CARTESIAN_POINT('',(-0.0535023522051073,0.0057792220255456,0.01));
#2890=CARTESIAN_POINT('',(-0.0535,0.00515631604049632,0.01));
#2891=CARTESIAN_POINT('',(-0.0511563160404963,0.00809805806756909,0.00950970966215455));
#2892=CARTESIAN_POINT('',(-0.0519322649699677,0.00809510115220095,0.00953925642694387));
#2893=CARTESIAN_POINT('',(-0.0526914627281384,0.00777635845870563,0.00955609233463606));
#2894=CARTESIAN_POINT('',(-0.0537763584587056,0.00669146272813833,0.00955609233463606));
#2895=CARTESIAN_POINT('',(-0.0540951011522009,0.00593226496996774,0.00953925642694388));
#2896=CARTESIAN_POINT('',(-0.0540980580675691,0.00515631604049632,0.00950970966215454));
#2897=CARTESIAN_POINT('',(-0.0511563160404963,0.00809805806756908,0.00950970966215454));
#2898=CARTESIAN_POINT('',(-0.0511563160404963,0.00789870537837938,0.00967313977476969));
#2899=CARTESIAN_POINT('',(-0.0511563160404963,0.00769935268918968,0.00983656988738485));
#2900=CARTESIAN_POINT('',(-0.0511563160404963,0.00749999999999998,0.01));
#2901=CARTESIAN_POINT('',(0.064,-0.00809805806756906,0.00950970966215454));
#2902=CARTESIAN_POINT('',(0.0511563160404963,-0.00809805806756906,0.00950970966215454));
#2903=CARTESIAN_POINT('',(0.0511563160404963,-0.00789870537837937,0.0096731397747697));
#2904=CARTESIAN_POINT('',(0.0511563160404963,-0.00769935268918967,0.00983656988738485));
#2905=CARTESIAN_POINT('',(0.0511563160404963,-0.00749999999999997,0.01));
#2906=CARTESIAN_POINT('',(-2.60208521396521E-18,0.0075,0.01));
#2907=CARTESIAN_POINT('',(0.0511563160404963,0.00750000000000003,0.00999999999999999));
#2908=CARTESIAN_POINT('',(0.0511563160404963,0.00769935268918972,0.00983656988738484));
#2909=CARTESIAN_POINT('',(0.0511563160404963,0.00789870537837942,0.00967313977476969));
#2910=CARTESIAN_POINT('',(0.0511563160404963,0.00809805806756912,0.00950970966215453));
#2911=CARTESIAN_POINT('',(0.0511563160404963,-0.0075,0.01));
#2912=CARTESIAN_POINT('',(0.0517792220255456,-0.00750235220510728,0.01));
#2913=CARTESIAN_POINT('',(0.0523867569270682,-0.00725109282979906,0.01));
#2914=CARTESIAN_POINT('',(0.0532510928297991,-0.00638675692706818,0.01));
#2915=CARTESIAN_POINT('',(0.0535023522051073,-0.00577922202554556,0.01));
#2916=CARTESIAN_POINT('',(0.0535,-0.00515631604049631,0.01));
#2917=CARTESIAN_POINT('',(0.0511563160404963,-0.00809805806756907,0.00950970966215454));
#2918=CARTESIAN_POINT('',(0.0519322649699677,-0.00809510115220092,0.00953925642694387));
#2919=CARTESIAN_POINT('',(0.0526914627281383,-0.0077763584587056,0.00955609233463606));
#2920=CARTESIAN_POINT('',(0.0537763584587056,-0.00669146272813831,0.00955609233463605));
#2921=CARTESIAN_POINT('',(0.0540951011522009,-0.0059322649699677,0.00953925642694387));
#2922=CARTESIAN_POINT('',(0.0540980580675691,-0.00515631604049631,0.00950970966215454));
#2923=CARTESIAN_POINT('',(0.0535,-0.0051563160404963,0.01));
#2924=CARTESIAN_POINT('',(0.0536993526891897,-0.0051563160404963,0.00983656988738485));
#2925=CARTESIAN_POINT('',(0.0538987053783794,-0.0051563160404963,0.0096731397747697));
#2926=CARTESIAN_POINT('',(0.0540980580675691,-0.0051563160404963,0.00950970966215454));
#2927=CARTESIAN_POINT('',(0.0535,0.00515631604049639,0.01));
#2928=CARTESIAN_POINT('',(0.0535023522051073,0.00577922202554564,0.01));
#2929=CARTESIAN_POINT('',(0.0532510928297991,0.00638675692706826,0.01));
#2930=CARTESIAN_POINT('',(0.0523867569270682,0.00725109282979913,0.01));
#2931=CARTESIAN_POINT('',(0.0517792220255456,0.00750235220510736,0.01));
#2932=CARTESIAN_POINT('',(0.0511563160404963,0.0075,0.01));
#2933=CARTESIAN_POINT('',(0.0540980580675691,0.00515631604049639,0.00950970966215454));
#2934=CARTESIAN_POINT('',(0.0540951011522009,0.00593226496996778,0.00953925642694388));
#2935=CARTESIAN_POINT('',(0.0537763584587056,0.00669146272813839,0.00955609233463606));
#2936=CARTESIAN_POINT('',(0.0526914627281383,0.00777635845870567,0.00955609233463606));
#2937=CARTESIAN_POINT('',(0.0519322649699677,0.008095101152201,0.00953925642694388));
#2938=CARTESIAN_POINT('',(0.0511563160404963,0.00809805806756914,0.00950970966215454));
#2939=CARTESIAN_POINT('',(0.0540980580675691,0.00515631604049639,0.00950970966215454));
#2940=CARTESIAN_POINT('',(0.0538987053783794,0.00515631604049639,0.0096731397747697));
#2941=CARTESIAN_POINT('',(0.0536993526891897,0.00515631604049639,0.00983656988738485));
#2942=CARTESIAN_POINT('',(0.0535,0.00515631604049639,0.01));
#2943=CARTESIAN_POINT('',(0.0535,6.62912185462566E-18,0.01));
#2944=MECHANICAL_DESIGN_GEOMETRIC_PRESENTATION_REPRESENTATION('',(#1311),
#2945);
#2945=(
GEOMETRIC_REPRESENTATION_CONTEXT(3)
GLOBAL_UNCERTAINTY_ASSIGNED_CONTEXT((#2946))
GLOBAL_UNIT_ASSIGNED_CONTEXT((#2949,#2948,#2947))
REPRESENTATION_CONTEXT('Part 1','TOP_LEVEL_ASSEMBLY_PART')
);
#2946=UNCERTAINTY_MEASURE_WITH_UNIT(LENGTH_MEASURE(2.E-5),#2949,
'DISTANCE_ACCURACY_VALUE','Maximum Tolerance applied to model');
#2947=(
NAMED_UNIT(*)
SI_UNIT($,.STERADIAN.)
SOLID_ANGLE_UNIT()
);
#2948=(
NAMED_UNIT(*)
PLANE_ANGLE_UNIT()
SI_UNIT($,.RADIAN.)
);
#2949=(
LENGTH_UNIT()
NAMED_UNIT(*)
SI_UNIT($,.METRE.)
);
#2950=PRODUCT_DEFINITION_SHAPE('','',#2951);
#2951=PRODUCT_DEFINITION('','',#2953,#2952);
#2952=PRODUCT_DEFINITION_CONTEXT('',#2959,'design');
#2953=PRODUCT_DEFINITION_FORMATION_WITH_SPECIFIED_SOURCE('','',#2955,
 .NOT_KNOWN.);
#2954=PRODUCT_RELATED_PRODUCT_CATEGORY('','',(#2955));
#2955=PRODUCT('Part 1','Part 1','Part 1',(#2957));
#2956=PRODUCT_CATEGORY('','');
#2957=PRODUCT_CONTEXT('',#2959,'mechanical');
#2958=APPLICATION_PROTOCOL_DEFINITION('international standard',
'ap242_managed_model_based_3d_engineering',2020,#2959);
#2959=APPLICATION_CONTEXT('managed model based 3d engineering');
ENDSEC;
END-ISO-10303-21;
